case_id,group,instance,status_bool,wall_bool,solve_bool,fail_bool,propCalls_bool,depth_bool,eager_bool,lazy_bool,userDir_bool,satDir_bool,status_int,wall_int,solve_int,fail_int,propCalls_int,depth_int,eager_int,lazy_int,userDir_int,satDir_int,wall_diff_bool_minus_int,solve_diff_bool_minus_int,eager_ratio_bool_over_int,same_status,faster_or_better
1,equivchecking,ABP(BW)_ABP(BW)_(datasize=2_capacity=1_windowsize=1)eq=branching-bisim.dzn,SAT,61.35,8.459322042,1.0,7464.0,7464.0,22264.0,0.0,7464.0,0.0,SAT,46.79,8.249053208,1.0,7465.0,7464.0,11132.0,0.0,7464.0,0.0,14.560000000000002,0.21026883400000074,2.0,True,noc_int
2,equivchecking,ABP(BW)_ABP(BW)_(datasize=2_capacity=1_windowsize=1)eq=branching-sim.dzn,SAT,61.24,8.561352333,1.0,7464.0,7464.0,22264.0,0.0,7464.0,0.0,SAT,46.56,8.231604666,1.0,7465.0,7464.0,11132.0,0.0,7464.0,0.0,14.68,0.32974766699999947,2.0,True,noc_int
3,equivchecking,ABP(BW)_ABP(BW)_(datasize=2_capacity=1_windowsize=1)eq=strong-bisim.dzn,SAT,0.22,0.015257072850000001,1.0,203.0,203.0,556.0,0.0,203.0,0.0,SAT,0.18,0.01517223755,3.0,211.0,203.0,391.0,0.0,209.0,0.0,0.04000000000000001,8.483530000000065e-05,1.421994884910486,True,noc_int
4,equivchecking,ABP(BW)_ABP(BW)_(datasize=2_capacity=1_windowsize=1)eq=weak-bisim.dzn,SAT,97.63,61.355383958,1.0,6192.0,6192.0,18290.0,0.0,6192.0,0.0,SAT,95.42,63.745916208,1.0,6193.0,6192.0,9145.0,0.0,6192.0,0.0,2.2099999999999937,-2.3905322499999997,2.0,True,noc_int
5,equivchecking,ABP(BW)_ABP(BW)_(datasize=4_capacity=1_windowsize=1)eq=branching-bisim.dzn,TIMEOUT,180.01,,,,,,,,,TIMEOUT,180.01,,,,,,,,,0.0,,,True,tie/unknown
6,equivchecking,ABP(BW)_ABP(BW)_(datasize=4_capacity=1_windowsize=1)eq=branching-sim.dzn,TIMEOUT,180.01,,,,,,,,,TIMEOUT,180.01,,,,,,,,,0.0,,,True,tie/unknown
7,equivchecking,ABP(BW)_ABP(BW)_(datasize=4_capacity=1_windowsize=1)eq=strong-bisim.dzn,SAT,0.49,0.0606771125,1.0,405.0,405.0,1140.0,0.0,405.0,0.0,SAT,0.37,0.06158873335,3.0,419.0,405.0,795.0,0.0,417.0,0.0,0.12,-0.0009116208500000028,1.4339622641509433,True,noc_int
8,equivchecking,ABP(BW)_ABP(BW)_(datasize=4_capacity=1_windowsize=1)eq=weak-bisim.dzn,TIMEOUT,180.01,,,,,,,,,TIMEOUT,180.01,,,,,,,,,0.0,,,True,tie/unknown
9,equivchecking,ABP(BW)_CABP_(datasize=2_capacity=1_windowsize=1)eq=branching-bisim.dzn,TIMEOUT,180.01,,,,,,,,,TIMEOUT,180.01,,,,,,,,,0.0,,,True,tie/unknown
10,equivchecking,ABP(BW)_CABP_(datasize=2_capacity=1_windowsize=1)eq=branching-sim.dzn,TIMEOUT,180.01,,,,,,,,,TIMEOUT,180.01,,,,,,,,,0.0,,,True,tie/unknown
11,equivchecking,ABP(BW)_CABP_(datasize=2_capacity=1_windowsize=1)eq=strong-bisim.dzn,UNSAT,0.11,,,,,,,,,UNSAT,0.11,,,,,,,,,0.0,,,True,tie/unknown
12,equivchecking,ABP(BW)_CABP_(datasize=2_capacity=1_windowsize=1)eq=weak-bisim.dzn,TIMEOUT,180.01,,,,,,,,,TIMEOUT,180.01,,,,,,,,,0.0,,,True,tie/unknown
13,equivchecking,ABP(BW)_CABP_(datasize=4_capacity=1_windowsize=1)eq=branching-bisim.dzn,TIMEOUT,180.01,,,,,,,,,TIMEOUT,180.01,,,,,,,,,0.0,,,True,tie/unknown
14,equivchecking,ABP(BW)_CABP_(datasize=4_capacity=1_windowsize=1)eq=branching-sim.dzn,TIMEOUT,180.01,,,,,,,,,TIMEOUT,180.01,,,,,,,,,0.0,,,True,tie/unknown
15,equivchecking,ABP(BW)_CABP_(datasize=4_capacity=1_windowsize=1)eq=strong-bisim.dzn,UNSAT,0.1,,,,,,,,,UNSAT,0.11,,,,,,,,,-0.009999999999999995,,,True,noc_bool
16,equivchecking,ABP(BW)_CABP_(datasize=4_capacity=1_windowsize=1)eq=weak-bisim.dzn,TIMEOUT,180.01,,,,,,,,,TIMEOUT,180.01,,,,,,,,,0.0,,,True,tie/unknown
17,equivchecking,ABP(BW)_Onebit_(datasize=2_capacity=1_windowsize=1)eq=branching-bisim.dzn,TIMEOUT,180.24,,,,,,,,,TIMEOUT,180.13,,,,,,,,,0.11000000000001364,,,True,noc_int
18,equivchecking,ABP(BW)_Onebit_(datasize=2_capacity=1_windowsize=1)eq=branching-sim.dzn,TIMEOUT,180.26,,,,,,,,,TIMEOUT,180.13,,,,,,,,,0.12999999999999545,,,True,noc_int
19,equivchecking,ABP(BW)_Onebit_(datasize=2_capacity=1_windowsize=1)eq=strong-bisim.dzn,UNSAT,0.11,,,,,,,,,UNSAT,0.1,,,,,,,,,0.009999999999999995,,,True,noc_int
20,equivchecking,ABP(BW)_Onebit_(datasize=2_capacity=1_windowsize=1)eq=weak-bisim.dzn,TIMEOUT,180.1,,,,,,,,,TIMEOUT,180.08,,,,,,,,,0.01999999999998181,,,True,noc_int
21,equivchecking,ABP(BW)_Onebit_(datasize=3_capacity=1_windowsize=1)eq=branching-bisim.dzn,TIMEOUT,180.48,,,,,,,,,TIMEOUT,180.35,,,,,,,,,0.12999999999999545,,,True,noc_int
22,equivchecking,ABP(BW)_Onebit_(datasize=3_capacity=1_windowsize=1)eq=branching-sim.dzn,TIMEOUT,180.43,,,,,,,,,TIMEOUT,180.37,,,,,,,,,0.060000000000002274,,,True,noc_int
23,equivchecking,ABP(BW)_Onebit_(datasize=3_capacity=1_windowsize=1)eq=strong-bisim.dzn,UNSAT,0.07,,,,,,,,,UNSAT,0.07,,,,,,,,,0.0,,,True,tie/unknown
24,equivchecking,ABP(BW)_Onebit_(datasize=3_capacity=1_windowsize=1)eq=weak-bisim.dzn,TIMEOUT,180.12,,,,,,,,,TIMEOUT,180.06,,,,,,,,,0.060000000000002274,,,True,noc_int
25,equivchecking,ABP(BW)_Par_(datasize=2_capacity=1_windowsize=1)eq=branching-bisim.dzn,SAT,26.27,2.423209834,129.0,5669.0,5412.0,19808.0,0.0,5541.0,0.0,SAT,19.81,2.355603,129.0,5670.0,5412.0,9904.0,0.0,5541.0,0.0,6.460000000000001,0.06760683400000023,2.0,True,noc_int
26,equivchecking,ABP(BW)_Par_(datasize=2_capacity=1_windowsize=1)eq=branching-sim.dzn,SAT,26.37,2.435713583,129.0,5669.0,5412.0,19808.0,0.0,5541.0,0.0,SAT,19.78,2.346303166,129.0,5670.0,5412.0,9904.0,0.0,5541.0,0.0,6.59,0.08941041699999985,2.0,True,noc_int
27,equivchecking,ABP(BW)_Par_(datasize=2_capacity=1_windowsize=1)eq=strong-bisim.dzn,UNSAT,1.08,,,,,,,,,UNSAT,0.67,,,,,,,,,0.41000000000000003,,,True,noc_int
28,equivchecking,ABP(BW)_Par_(datasize=2_capacity=1_windowsize=1)eq=weak-bisim.dzn,SAT,17.16,0.660067375,17.0,1871.0,1836.0,16372.0,0.0,1855.0,0.0,SAT,14.72,0.662786875,17.0,1872.0,1836.0,8186.0,0.0,1855.0,0.0,2.4399999999999995,-0.002719499999999986,2.0,True,noc_int
29,equivchecking,ABP(BW)_Par_(datasize=4_capacity=1_windowsize=1)eq=branching-bisim.dzn,SAT,109.46,10.039649875,281.0,11494.0,10928.0,40628.0,0.0,11214.0,0.0,SAT,82.51,10.222419292,281.0,11495.0,10928.0,20314.0,0.0,11214.0,0.0,26.94999999999999,-0.18276941699999938,2.0,True,noc_int
30,equivchecking,ABP(BW)_Par_(datasize=4_capacity=1_windowsize=1)eq=branching-sim.dzn,SAT,109.48,9.993525291,281.0,11494.0,10928.0,40628.0,0.0,11214.0,0.0,SAT,82.07,10.0392695,281.0,11495.0,10928.0,20314.0,0.0,11214.0,0.0,27.41000000000001,-0.045744209000000424,2.0,True,noc_int
31,equivchecking,ABP(BW)_Par_(datasize=4_capacity=1_windowsize=1)eq=strong-bisim.dzn,UNSAT,4.0,,,,,,,,,UNSAT,2.37,,,,,,,,,1.63,,,True,noc_int
32,equivchecking,ABP(BW)_Par_(datasize=4_capacity=1_windowsize=1)eq=weak-bisim.dzn,SAT,72.33,2.885144625,57.0,3886.0,3756.0,33780.0,0.0,3830.0,0.0,SAT,62.42,2.8972612079999998,57.0,3887.0,3756.0,16890.0,0.0,3830.0,0.0,9.909999999999997,-0.012116582999999626,2.0,True,noc_int
33,equivchecking,ABP(BW)_SWP_(datasize=2_capacity=1_windowsize=1)eq=branching-bisim.dzn,TIMEOUT,180.0,,,,,,,,,TIMEOUT,180.01,,,,,,,,,-0.009999999999990905,,,True,noc_bool
34,equivchecking,ABP(BW)_SWP_(datasize=2_capacity=1_windowsize=1)eq=branching-sim.dzn,TIMEOUT,180.01,,,,,,,,,TIMEOUT,180.01,,,,,,,,,0.0,,,True,tie/unknown
35,equivchecking,ABP(BW)_SWP_(datasize=2_capacity=1_windowsize=1)eq=strong-bisim.dzn,UNSAT,0.06,,,,,,,,,UNSAT,0.06,,,,,,,,,0.0,,,True,tie/unknown
36,equivchecking,ABP(BW)_SWP_(datasize=2_capacity=1_windowsize=1)eq=weak-bisim.dzn,TIMEOUT,180.0,,,,,,,,,TIMEOUT,180.0,,,,,,,,,0.0,,,True,tie/unknown
37,equivchecking,ABP(BW)_SWP_(datasize=4_capacity=1_windowsize=1)eq=branching-bisim.dzn,TIMEOUT,180.01,,,,,,,,,TIMEOUT,180.01,,,,,,,,,0.0,,,True,tie/unknown
38,equivchecking,ABP(BW)_SWP_(datasize=4_capacity=1_windowsize=1)eq=branching-sim.dzn,TIMEOUT,180.01,,,,,,,,,TIMEOUT,180.01,,,,,,,,,0.0,,,True,tie/unknown
39,equivchecking,ABP(BW)_SWP_(datasize=4_capacity=1_windowsize=1)eq=strong-bisim.dzn,UNSAT,0.06,,,,,,,,,UNSAT,0.07,,,,,,,,,-0.010000000000000009,,,True,noc_bool
40,equivchecking,ABP(BW)_SWP_(datasize=4_capacity=1_windowsize=1)eq=weak-bisim.dzn,TIMEOUT,180.01,,,,,,,,,TIMEOUT,180.0,,,,,,,,,0.009999999999990905,,,True,noc_int
41,equivchecking,ABP_ABP(BW)_(datasize=2_capacity=1_windowsize=1)eq=branching-bisim.dzn,SAT,17.44,2.354988709,1.0,5334.0,5334.0,15704.0,0.0,5334.0,0.0,SAT,13.31,2.270993709,1.0,5335.0,5334.0,7852.0,0.0,5334.0,0.0,4.130000000000001,0.08399500000000026,2.0,True,noc_int
42,equivchecking,ABP_ABP(BW)_(datasize=2_capacity=1_windowsize=1)eq=branching-sim.dzn,SAT,17.49,2.355542458,1.0,5334.0,5334.0,15704.0,0.0,5334.0,0.0,SAT,13.29,2.278685,1.0,5335.0,5334.0,7852.0,0.0,5334.0,0.0,4.199999999999999,0.0768574580000001,2.0,True,noc_int
43,equivchecking,ABP_ABP(BW)_(datasize=2_capacity=1_windowsize=1)eq=strong-bisim.dzn,SAT,0.13,0.008693275050000001,1.0,203.0,203.0,556.0,0.0,203.0,0.0,SAT,0.11,0.00868885195,3.0,211.0,203.0,391.0,0.0,209.0,0.0,0.020000000000000004,4.423100000001262e-06,1.421994884910486,True,noc_int
44,equivchecking,ABP_ABP(BW)_(datasize=2_capacity=1_windowsize=1)eq=weak-bisim.dzn,SAT,27.23,16.812065708,1.0,4368.0,4368.0,12902.0,0.0,4368.0,0.0,SAT,25.71,16.741648875,1.0,4369.0,4368.0,6451.0,0.0,4368.0,0.0,1.5199999999999996,0.07041683299999946,2.0,True,noc_int
45,equivchecking,ABP_ABP(BW)_(datasize=4_capacity=1_windowsize=1)eq=branching-bisim.dzn,SAT,72.65,9.902583084,1.0,10860.0,10860.0,32232.0,0.0,10860.0,0.0,SAT,55.15,9.654397291,1.0,10861.0,10860.0,16116.0,0.0,10860.0,0.0,17.500000000000007,0.24818579299999932,2.0,True,noc_int
46,equivchecking,ABP_ABP(BW)_(datasize=4_capacity=1_windowsize=1)eq=branching-sim.dzn,SAT,72.55,9.938616875,1.0,10860.0,10860.0,32232.0,0.0,10860.0,0.0,SAT,55.2,9.659625625,1.0,10861.0,10860.0,16116.0,0.0,10860.0,0.0,17.349999999999994,0.2789912499999989,2.0,True,noc_int
47,equivchecking,ABP_ABP(BW)_(datasize=4_capacity=1_windowsize=1)eq=strong-bisim.dzn,SAT,0.29,0.03515717285,1.0,405.0,405.0,1140.0,0.0,405.0,0.0,SAT,0.22,0.03530397925,3.0,419.0,405.0,795.0,0.0,417.0,0.0,0.06999999999999998,-0.00014680639999999773,1.4339622641509433,True,noc_int
48,equivchecking,ABP_ABP(BW)_(datasize=4_capacity=1_windowsize=1)eq=weak-bisim.dzn,SAT,119.11,75.413875334,1.0,8866.0,8866.0,26730.0,0.0,8866.0,0.0,SAT,113.65,76.304392667,1.0,8867.0,8866.0,13365.0,0.0,8866.0,0.0,5.459999999999994,-0.8905173330000054,2.0,True,noc_int
49,equivchecking,ABP_ABP_(datasize=2_capacity=1_windowsize=1)eq=branching-bisim.dzn,SAT,9.99,1.304260334,1.0,4027.0,4027.0,11844.0,0.0,4027.0,0.0,SAT,7.6,1.2460125,1.0,4028.0,4027.0,5922.0,0.0,4027.0,0.0,2.3900000000000006,0.05824783400000011,2.0,True,noc_int
50,equivchecking,ABP_ABP_(datasize=2_capacity=1_windowsize=1)eq=branching-sim.dzn,SAT,10.01,1.303944084,1.0,4027.0,4027.0,11844.0,0.0,4027.0,0.0,SAT,7.62,1.251411667,1.0,4028.0,4027.0,5922.0,0.0,4027.0,0.0,2.3899999999999997,0.05253241700000011,2.0,True,noc_int
51,equivchecking,ABP_ABP_(datasize=2_capacity=1_windowsize=1)eq=strong-bisim.dzn,SAT,0.1,0.00487945615,1.0,156.0,156.0,416.0,0.0,156.0,0.0,SAT,0.09,0.00478555215,3.0,164.0,156.0,289.0,0.0,162.0,0.0,0.010000000000000009,9.390400000000056e-05,1.439446366782007,True,noc_int
52,equivchecking,ABP_ABP_(datasize=2_capacity=1_windowsize=1)eq=weak-bisim.dzn,SAT,15.38,9.303245709,1.0,3275.0,3275.0,9722.0,0.0,3275.0,0.0,SAT,14.5,9.375203291,1.0,3276.0,3275.0,4861.0,0.0,3275.0,0.0,0.8800000000000008,-0.07195758199999958,2.0,True,noc_int
53,equivchecking,ABP_ABP_(datasize=4_capacity=1_windowsize=1)eq=branching-bisim.dzn,SAT,41.31,5.578768167,1.0,8199.0,8199.0,24260.0,0.0,8199.0,0.0,SAT,31.16,5.280545875,1.0,8200.0,8199.0,12130.0,0.0,8199.0,0.0,10.150000000000002,0.29822229200000017,2.0,True,noc_int
54,equivchecking,ABP_ABP_(datasize=4_capacity=1_windowsize=1)eq=branching-sim.dzn,SAT,41.11,5.478856333,1.0,8199.0,8199.0,24260.0,0.0,8199.0,0.0,SAT,31.29,5.348858917,1.0,8200.0,8199.0,12130.0,0.0,8199.0,0.0,9.82,0.12999741600000014,2.0,True,noc_int
55,equivchecking,ABP_ABP_(datasize=4_capacity=1_windowsize=1)eq=strong-bisim.dzn,SAT,0.2,0.0196404772,1.0,312.0,312.0,864.0,0.0,312.0,0.0,SAT,0.16,0.0196680562,3.0,326.0,312.0,593.0,0.0,324.0,0.0,0.04000000000000001,-2.7578999999999798e-05,1.4569983136593592,True,noc_int
56,equivchecking,ABP_ABP_(datasize=4_capacity=1_windowsize=1)eq=weak-bisim.dzn,SAT,67.26,42.375396667,1.0,6643.0,6643.0,20122.0,0.0,6643.0,0.0,SAT,66.45,45.1110345,1.0,6644.0,6643.0,10061.0,0.0,6643.0,0.0,0.8100000000000023,-2.7356378330000055,2.0,True,noc_int
57,equivchecking,ABP_CABP_(datasize=2_capacity=1_windowsize=1)eq=branching-bisim.dzn,TIMEOUT,180.0,,,,,,,,,TIMEOUT,180.01,,,,,,,,,-0.009999999999990905,,,True,noc_bool
58,equivchecking,ABP_CABP_(datasize=2_capacity=1_windowsize=1)eq=branching-sim.dzn,TIMEOUT,180.01,,,,,,,,,TIMEOUT,180.0,,,,,,,,,0.009999999999990905,,,True,noc_int
59,equivchecking,ABP_CABP_(datasize=2_capacity=1_windowsize=1)eq=strong-bisim.dzn,UNSAT,0.07,,,,,,,,,UNSAT,0.07,,,,,,,,,0.0,,,True,tie/unknown
60,equivchecking,ABP_CABP_(datasize=2_capacity=1_windowsize=1)eq=weak-bisim.dzn,TIMEOUT,180.0,,,,,,,,,TIMEOUT,180.01,,,,,,,,,-0.009999999999990905,,,True,noc_bool
61,equivchecking,ABP_CABP_(datasize=4_capacity=1_windowsize=1)eq=branching-bisim.dzn,TIMEOUT,180.01,,,,,,,,,TIMEOUT,180.01,,,,,,,,,0.0,,,True,tie/unknown
62,equivchecking,ABP_CABP_(datasize=4_capacity=1_windowsize=1)eq=branching-sim.dzn,TIMEOUT,180.01,,,,,,,,,TIMEOUT,180.01,,,,,,,,,0.0,,,True,tie/unknown
63,equivchecking,ABP_CABP_(datasize=4_capacity=1_windowsize=1)eq=strong-bisim.dzn,UNSAT,0.07,,,,,,,,,UNSAT,0.07,,,,,,,,,0.0,,,True,tie/unknown
64,equivchecking,ABP_CABP_(datasize=4_capacity=1_windowsize=1)eq=weak-bisim.dzn,TIMEOUT,180.01,,,,,,,,,TIMEOUT,180.01,,,,,,,,,0.0,,,True,tie/unknown
65,equivchecking,ABP_Onebit_(datasize=2_capacity=1_windowsize=1)eq=branching-bisim.dzn,TIMEOUT,180.06,,,,,,,,,TIMEOUT,180.04,,,,,,,,,0.020000000000010232,,,True,noc_int
66,equivchecking,ABP_Onebit_(datasize=2_capacity=1_windowsize=1)eq=branching-sim.dzn,TIMEOUT,180.06,,,,,,,,,TIMEOUT,180.04,,,,,,,,,0.020000000000010232,,,True,noc_int
67,equivchecking,ABP_Onebit_(datasize=2_capacity=1_windowsize=1)eq=strong-bisim.dzn,UNSAT,0.07,,,,,,,,,UNSAT,0.07,,,,,,,,,0.0,,,True,tie/unknown
68,equivchecking,ABP_Onebit_(datasize=2_capacity=1_windowsize=1)eq=weak-bisim.dzn,TIMEOUT,180.05,,,,,,,,,TIMEOUT,180.03,,,,,,,,,0.020000000000010232,,,True,noc_int
69,equivchecking,ABP_Onebit_(datasize=3_capacity=1_windowsize=1)eq=branching-bisim.dzn,TIMEOUT,180.42,,,,,,,,,TIMEOUT,180.22,,,,,,,,,0.19999999999998863,,,True,noc_int
70,equivchecking,ABP_Onebit_(datasize=3_capacity=1_windowsize=1)eq=branching-sim.dzn,TIMEOUT,180.46,,,,,,,,,TIMEOUT,180.26,,,,,,,,,0.20000000000001705,,,True,noc_int
71,equivchecking,ABP_Onebit_(datasize=3_capacity=1_windowsize=1)eq=strong-bisim.dzn,UNSAT,0.07,,,,,,,,,UNSAT,0.07,,,,,,,,,0.0,,,True,tie/unknown
72,equivchecking,ABP_Onebit_(datasize=3_capacity=1_windowsize=1)eq=weak-bisim.dzn,TIMEOUT,180.33,,,,,,,,,TIMEOUT,180.12,,,,,,,,,0.21000000000000796,,,True,noc_int
73,equivchecking,ABP_Par_(datasize=2_capacity=1_windowsize=1)eq=branching-bisim.dzn,SAT,14.64,1.201440708,97.0,4007.0,3814.0,14760.0,0.0,3911.0,0.0,SAT,10.94,1.179228708,97.0,4008.0,3814.0,7380.0,0.0,3911.0,0.0,3.700000000000001,0.02221200000000012,2.0,True,noc_int
74,equivchecking,ABP_Par_(datasize=2_capacity=1_windowsize=1)eq=branching-sim.dzn,SAT,14.58,1.199536792,97.0,4007.0,3814.0,14760.0,0.0,3911.0,0.0,SAT,10.95,1.179726333,97.0,4008.0,3814.0,7380.0,0.0,3911.0,0.0,3.630000000000001,0.01981045899999989,2.0,True,noc_int
75,equivchecking,ABP_Par_(datasize=2_capacity=1_windowsize=1)eq=strong-bisim.dzn,UNSAT,0.98,,,,,,,,,UNSAT,0.61,,,,,,,,,0.37,,,True,noc_int
76,equivchecking,ABP_Par_(datasize=2_capacity=1_windowsize=1)eq=weak-bisim.dzn,SAT,9.69,0.41415725,13.0,1473.0,1446.0,12208.0,0.0,1461.0,0.0,SAT,8.34,0.412493375,13.0,1474.0,1446.0,6104.0,0.0,1461.0,0.0,1.3499999999999996,0.0016638749999999813,2.0,True,noc_int
77,equivchecking,ABP_Par_(datasize=4_capacity=1_windowsize=1)eq=branching-bisim.dzn,SAT,60.25,4.988456875,209.0,8130.0,7708.0,30216.0,0.0,7922.0,0.0,SAT,45.04,4.990013541,209.0,8131.0,7708.0,15108.0,0.0,7922.0,0.0,15.21,-0.0015566659999999288,2.0,True,noc_int
78,equivchecking,ABP_Par_(datasize=4_capacity=1_windowsize=1)eq=branching-sim.dzn,SAT,60.01,5.00011075,209.0,8130.0,7708.0,30216.0,0.0,7922.0,0.0,SAT,45.14,4.99100275,209.0,8131.0,7708.0,15108.0,0.0,7922.0,0.0,14.869999999999997,0.009108000000000338,2.0,True,noc_int
79,equivchecking,ABP_Par_(datasize=4_capacity=1_windowsize=1)eq=strong-bisim.dzn,UNSAT,3.55,,,,,,,,,UNSAT,2.12,,,,,,,,,1.4299999999999997,,,True,noc_int
80,equivchecking,ABP_Par_(datasize=4_capacity=1_windowsize=1)eq=weak-bisim.dzn,SAT,40.34,1.782345834,41.0,3052.0,2954.0,25140.0,0.0,3012.0,0.0,SAT,34.66,1.7753516249999999,41.0,3053.0,2954.0,12570.0,0.0,3012.0,0.0,5.680000000000007,0.00699420900000014,2.0,True,noc_int
81,equivchecking,ABP_SWP_(datasize=2_capacity=1_windowsize=1)eq=branching-bisim.dzn,TIMEOUT,180.0,,,,,,,,,TIMEOUT,180.01,,,,,,,,,-0.009999999999990905,,,True,noc_bool
82,equivchecking,ABP_SWP_(datasize=2_capacity=1_windowsize=1)eq=branching-sim.dzn,TIMEOUT,180.0,,,,,,,,,TIMEOUT,180.01,,,,,,,,,-0.009999999999990905,,,True,noc_bool
83,equivchecking,ABP_SWP_(datasize=2_capacity=1_windowsize=1)eq=strong-bisim.dzn,UNSAT,0.07,,,,,,,,,UNSAT,0.07,,,,,,,,,0.0,,,True,tie/unknown
84,equivchecking,ABP_SWP_(datasize=2_capacity=1_windowsize=1)eq=weak-bisim.dzn,TIMEOUT,180.01,,,,,,,,,TIMEOUT,180.0,,,,,,,,,0.009999999999990905,,,True,noc_int
85,equivchecking,ABP_SWP_(datasize=4_capacity=1_windowsize=1)eq=branching-bisim.dzn,TIMEOUT,180.0,,,,,,,,,TIMEOUT,180.0,,,,,,,,,0.0,,,True,tie/unknown
86,equivchecking,ABP_SWP_(datasize=4_capacity=1_windowsize=1)eq=branching-sim.dzn,TIMEOUT,180.01,,,,,,,,,TIMEOUT,180.0,,,,,,,,,0.009999999999990905,,,True,noc_int
87,equivchecking,ABP_SWP_(datasize=4_capacity=1_windowsize=1)eq=strong-bisim.dzn,UNSAT,0.07,,,,,,,,,UNSAT,0.07,,,,,,,,,0.0,,,True,tie/unknown
88,equivchecking,ABP_SWP_(datasize=4_capacity=1_windowsize=1)eq=weak-bisim.dzn,TIMEOUT,180.01,,,,,,,,,TIMEOUT,180.01,,,,,,,,,0.0,,,True,tie/unknown
89,equivchecking,Buffer_ABP(BW)_(datasize=2_capacity=1_windowsize=1)eq=branching-bisim.dzn,SAT,0.14,0.0054360083,1.0,245.0,245.0,928.0,0.0,245.0,0.0,SAT,0.11,0.005327327,1.0,246.0,245.0,464.0,0.0,245.0,0.0,0.030000000000000013,0.0001086812999999999,2.0,True,noc_int
90,equivchecking,Buffer_ABP(BW)_(datasize=2_capacity=1_windowsize=1)eq=branching-sim.dzn,SAT,0.14,0.00544885435,1.0,245.0,245.0,928.0,0.0,245.0,0.0,SAT,0.11,0.00531569175,1.0,246.0,245.0,464.0,0.0,245.0,0.0,0.030000000000000013,0.00013316260000000024,2.0,True,noc_int
91,equivchecking,Buffer_ABP(BW)_(datasize=2_capacity=1_windowsize=1)eq=strong-bisim.dzn,UNSAT,0.07,,,,,,,,,UNSAT,0.07,,,,,,,,,0.0,,,True,tie/unknown
92,equivchecking,Buffer_ABP(BW)_(datasize=2_capacity=1_windowsize=1)eq=weak-bisim.dzn,SAT,0.19,0.03119133125,1.0,417.0,417.0,1072.0,0.0,417.0,0.0,SAT,0.18,0.03149915015,1.0,418.0,417.0,536.0,0.0,417.0,0.0,0.010000000000000009,-0.000307818900000003,2.0,True,noc_int
93,equivchecking,Buffer_ABP(BW)_(datasize=4_capacity=1_windowsize=1)eq=branching-bisim.dzn,SAT,0.44,0.0274031979,1.0,551.0,551.0,2248.0,0.0,551.0,0.0,SAT,0.3,0.027924572850000003,1.0,552.0,551.0,1124.0,0.0,551.0,0.0,0.14,-0.0005213749500000038,2.0,True,noc_int
94,equivchecking,Buffer_ABP(BW)_(datasize=4_capacity=1_windowsize=1)eq=branching-sim.dzn,SAT,0.43,0.02748698755,1.0,551.0,551.0,2248.0,0.0,551.0,0.0,SAT,0.3,0.027969770999999997,1.0,552.0,551.0,1124.0,0.0,551.0,0.0,0.13,-0.0004827834499999961,2.0,True,noc_int
95,equivchecking,Buffer_ABP(BW)_(datasize=4_capacity=1_windowsize=1)eq=strong-bisim.dzn,UNSAT,0.07,,,,,,,,,UNSAT,0.07,,,,,,,,,0.0,,,True,tie/unknown
96,equivchecking,Buffer_ABP(BW)_(datasize=4_capacity=1_windowsize=1)eq=weak-bisim.dzn,SAT,0.9,0.2037715126,1.0,893.0,893.0,2568.0,0.0,893.0,0.0,SAT,0.62,0.1620335147,1.0,894.0,893.0,1284.0,0.0,893.0,0.0,0.28,0.04173799790000002,2.0,True,noc_int
97,equivchecking,Buffer_ABP_(datasize=2_capacity=1_windowsize=1)eq=branching-bisim.dzn,SAT,0.11,0.00287918325,1.0,187.0,187.0,700.0,0.0,187.0,0.0,SAT,0.1,0.00278529995,1.0,188.0,187.0,350.0,0.0,187.0,0.0,0.009999999999999995,9.38833e-05,2.0,True,noc_int
98,equivchecking,Buffer_ABP_(datasize=2_capacity=1_windowsize=1)eq=branching-sim.dzn,SAT,0.11,0.0028765542,1.0,187.0,187.0,700.0,0.0,187.0,0.0,SAT,0.09,0.00277833755,1.0,188.0,187.0,350.0,0.0,187.0,0.0,0.020000000000000004,9.821664999999993e-05,2.0,True,noc_int
99,equivchecking,Buffer_ABP_(datasize=2_capacity=1_windowsize=1)eq=strong-bisim.dzn,UNSAT,0.07,,,,,,,,,UNSAT,0.07,,,,,,,,,0.0,,,True,tie/unknown
100,equivchecking,Buffer_ABP_(datasize=2_capacity=1_windowsize=1)eq=weak-bisim.dzn,SAT,0.14,0.01735571655,1.0,316.0,316.0,802.0,0.0,316.0,0.0,SAT,0.13,0.01723348125,1.0,317.0,316.0,401.0,0.0,316.0,0.0,0.010000000000000009,0.00012223530000000232,2.0,True,noc_int
101,equivchecking,Buffer_ABP_(datasize=4_capacity=1_windowsize=1)eq=branching-bisim.dzn,SAT,0.28,0.01398326875,1.0,421.0,421.0,1684.0,0.0,421.0,0.0,SAT,0.2,0.014024114700000001,1.0,422.0,421.0,842.0,0.0,421.0,0.0,0.08000000000000002,-4.08459500000017e-05,2.0,True,noc_int
102,equivchecking,Buffer_ABP_(datasize=4_capacity=1_windowsize=1)eq=branching-sim.dzn,SAT,0.28,0.013967029149999999,1.0,421.0,421.0,1684.0,0.0,421.0,0.0,SAT,0.2,0.013995141650000001,1.0,422.0,421.0,842.0,0.0,421.0,0.0,0.08000000000000002,-2.8112500000001747e-05,2.0,True,noc_int
103,equivchecking,Buffer_ABP_(datasize=4_capacity=1_windowsize=1)eq=strong-bisim.dzn,UNSAT,0.07,,,,,,,,,UNSAT,0.07,,,,,,,,,0.0,,,True,tie/unknown
104,equivchecking,Buffer_ABP_(datasize=4_capacity=1_windowsize=1)eq=weak-bisim.dzn,SAT,0.42,0.0862541375,1.0,678.0,678.0,1922.0,0.0,678.0,0.0,SAT,0.38,0.08879231455,1.0,679.0,678.0,961.0,0.0,678.0,0.0,0.03999999999999998,-0.0025381770500000067,2.0,True,noc_int
105,equivchecking,Buffer_CABP_(datasize=2_capacity=1_windowsize=1)eq=branching-bisim.dzn,UNSAT,3.03,,,,,,,,,UNSAT,1.91,,,,,,,,,1.1199999999999999,,,True,noc_int
106,equivchecking,Buffer_CABP_(datasize=2_capacity=1_windowsize=1)eq=branching-sim.dzn,UNSAT,3.04,,,,,,,,,UNSAT,1.91,,,,,,,,,1.1300000000000001,,,True,noc_int
107,equivchecking,Buffer_CABP_(datasize=2_capacity=1_windowsize=1)eq=strong-bisim.dzn,UNSAT,0.07,,,,,,,,,UNSAT,0.07,,,,,,,,,0.0,,,True,tie/unknown
108,equivchecking,Buffer_CABP_(datasize=2_capacity=1_windowsize=1)eq=weak-bisim.dzn,UNSAT,3.6,,,,,,,,,UNSAT,3.15,,,,,,,,,0.4500000000000002,,,True,noc_int
109,equivchecking,Buffer_CABP_(datasize=4_capacity=1_windowsize=1)eq=branching-bisim.dzn,UNSAT,19.51,,,,,,,,,UNSAT,12.7,,,,,,,,,6.810000000000002,,,True,noc_int
110,equivchecking,Buffer_CABP_(datasize=4_capacity=1_windowsize=1)eq=branching-sim.dzn,UNSAT,19.51,,,,,,,,,UNSAT,12.7,,,,,,,,,6.810000000000002,,,True,noc_int
111,equivchecking,Buffer_CABP_(datasize=4_capacity=1_windowsize=1)eq=strong-bisim.dzn,UNSAT,0.07,,,,,,,,,UNSAT,0.07,,,,,,,,,0.0,,,True,tie/unknown
112,equivchecking,Buffer_CABP_(datasize=4_capacity=1_windowsize=1)eq=weak-bisim.dzn,UNSAT,22.31,,,,,,,,,UNSAT,19.71,,,,,,,,,2.599999999999998,,,True,noc_int
113,equivchecking,Buffer_Onebit_(datasize=2_capacity=1_windowsize=1)eq=branching-bisim.dzn,TIMEOUT,180.01,,,,,,,,,TIMEOUT,180.01,,,,,,,,,0.0,,,True,tie/unknown
114,equivchecking,Buffer_Onebit_(datasize=2_capacity=1_windowsize=1)eq=branching-sim.dzn,TIMEOUT,180.01,,,,,,,,,TIMEOUT,180.01,,,,,,,,,0.0,,,True,tie/unknown
115,equivchecking,Buffer_Onebit_(datasize=2_capacity=1_windowsize=1)eq=strong-bisim.dzn,UNSAT,0.07,,,,,,,,,UNSAT,0.07,,,,,,,,,0.0,,,True,tie/unknown
116,equivchecking,Buffer_Onebit_(datasize=2_capacity=1_windowsize=1)eq=weak-bisim.dzn,TIMEOUT,180.01,,,,,,,,,TIMEOUT,180.01,,,,,,,,,0.0,,,True,tie/unknown
117,equivchecking,Buffer_Onebit_(datasize=2_capacity=2_windowsize=1)eq=branching-bisim.dzn,TIMEOUT,180.01,,,,,,,,,TIMEOUT,180.01,,,,,,,,,0.0,,,True,tie/unknown
118,equivchecking,Buffer_Onebit_(datasize=2_capacity=2_windowsize=1)eq=branching-sim.dzn,TIMEOUT,180.01,,,,,,,,,TIMEOUT,180.01,,,,,,,,,0.0,,,True,tie/unknown
119,equivchecking,Buffer_Onebit_(datasize=2_capacity=2_windowsize=1)eq=strong-bisim.dzn,UNSAT,0.07,,,,,,,,,UNSAT,0.07,,,,,,,,,0.0,,,True,tie/unknown
120,equivchecking,Buffer_Onebit_(datasize=2_capacity=2_windowsize=1)eq=weak-bisim.dzn,TIMEOUT,180.01,,,,,,,,,TIMEOUT,180.01,,,,,,,,,0.0,,,True,tie/unknown
121,equivchecking,Buffer_Onebit_(datasize=3_capacity=1_windowsize=1)eq=branching-bisim.dzn,TIMEOUT,180.02,,,,,,,,,TIMEOUT,180.02,,,,,,,,,0.0,,,True,tie/unknown
122,equivchecking,Buffer_Onebit_(datasize=3_capacity=1_windowsize=1)eq=branching-sim.dzn,TIMEOUT,180.02,,,,,,,,,TIMEOUT,180.02,,,,,,,,,0.0,,,True,tie/unknown
123,equivchecking,Buffer_Onebit_(datasize=3_capacity=1_windowsize=1)eq=strong-bisim.dzn,UNSAT,0.07,,,,,,,,,UNSAT,0.07,,,,,,,,,0.0,,,True,tie/unknown
124,equivchecking,Buffer_Onebit_(datasize=3_capacity=1_windowsize=1)eq=weak-bisim.dzn,TIMEOUT,180.02,,,,,,,,,TIMEOUT,180.02,,,,,,,,,0.0,,,True,tie/unknown
125,equivchecking,Buffer_Onebit_(datasize=3_capacity=2_windowsize=1)eq=branching-bisim.dzn,TIMEOUT,180.03,,,,,,,,,TIMEOUT,180.02,,,,,,,,,0.009999999999990905,,,True,noc_int
126,equivchecking,Buffer_Onebit_(datasize=3_capacity=2_windowsize=1)eq=branching-sim.dzn,TIMEOUT,180.03,,,,,,,,,TIMEOUT,180.03,,,,,,,,,0.0,,,True,tie/unknown
127,equivchecking,Buffer_Onebit_(datasize=3_capacity=2_windowsize=1)eq=strong-bisim.dzn,UNSAT,0.07,,,,,,,,,UNSAT,0.07,,,,,,,,,0.0,,,True,tie/unknown
128,equivchecking,Buffer_Onebit_(datasize=3_capacity=2_windowsize=1)eq=weak-bisim.dzn,TIMEOUT,180.03,,,,,,,,,TIMEOUT,180.02,,,,,,,,,0.009999999999990905,,,True,noc_int
129,equivchecking,Buffer_Par_(datasize=2_capacity=1_windowsize=1)eq=branching-bisim.dzn,SAT,0.13,0.000732902,13.0,216.0,44.0,888.0,0.0,204.0,0.0,SAT,0.11,0.00050676465,13.0,143.0,44.0,444.0,0.0,130.0,0.0,0.020000000000000004,0.00022613734999999996,2.0,True,noc_int
130,equivchecking,Buffer_Par_(datasize=2_capacity=1_windowsize=1)eq=branching-sim.dzn,SAT,0.13,0.0007342271,13.0,216.0,44.0,888.0,0.0,204.0,0.0,SAT,0.11,0.00050800835,13.0,143.0,44.0,444.0,0.0,130.0,0.0,0.020000000000000004,0.00022621874999999997,2.0,True,noc_int
131,equivchecking,Buffer_Par_(datasize=2_capacity=1_windowsize=1)eq=strong-bisim.dzn,UNSAT,0.07,,,,,,,,,UNSAT,0.07,,,,,,,,,0.0,,,True,tie/unknown
132,equivchecking,Buffer_Par_(datasize=2_capacity=1_windowsize=1)eq=weak-bisim.dzn,UNSAT,0.16,,,,,,,,,UNSAT,0.14,,,,,,,,,0.01999999999999999,,,True,noc_int
133,equivchecking,Buffer_Par_(datasize=4_capacity=1_windowsize=1)eq=branching-bisim.dzn,SAT,0.4,0.01121136275,41.0,1716.0,100.0,2184.0,0.0,1676.0,0.0,SAT,0.26,0.00601819185,41.0,817.0,100.0,1092.0,0.0,776.0,0.0,0.14,0.0051931709,2.0,True,noc_int
134,equivchecking,Buffer_Par_(datasize=4_capacity=1_windowsize=1)eq=branching-sim.dzn,SAT,0.4,0.011252029049999999,41.0,1716.0,100.0,2184.0,0.0,1676.0,0.0,SAT,0.26,0.0060313647,41.0,817.0,100.0,1092.0,0.0,776.0,0.0,0.14,0.005220664349999999,2.0,True,noc_int
135,equivchecking,Buffer_Par_(datasize=4_capacity=1_windowsize=1)eq=strong-bisim.dzn,UNSAT,0.07,,,,,,,,,UNSAT,0.07,,,,,,,,,0.0,,,True,tie/unknown
136,equivchecking,Buffer_Par_(datasize=4_capacity=1_windowsize=1)eq=weak-bisim.dzn,UNSAT,0.5,,,,,,,,,UNSAT,0.43,,,,,,,,,0.07,,,True,noc_int
137,equivchecking,Buffer_SWP_(datasize=2_capacity=1_windowsize=1)eq=branching-bisim.dzn,UNSAT,1.38,,,,,,,,,UNSAT,0.86,,,,,,,,,0.5199999999999999,,,True,noc_int
138,equivchecking,Buffer_SWP_(datasize=2_capacity=1_windowsize=1)eq=branching-sim.dzn,UNSAT,1.37,,,,,,,,,UNSAT,0.86,,,,,,,,,0.5100000000000001,,,True,noc_int
139,equivchecking,Buffer_SWP_(datasize=2_capacity=1_windowsize=1)eq=strong-bisim.dzn,UNSAT,0.07,,,,,,,,,UNSAT,0.07,,,,,,,,,0.0,,,True,tie/unknown
140,equivchecking,Buffer_SWP_(datasize=2_capacity=1_windowsize=1)eq=weak-bisim.dzn,UNSAT,1.57,,,,,,,,,UNSAT,1.34,,,,,,,,,0.22999999999999998,,,True,noc_int
141,equivchecking,Buffer_SWP_(datasize=2_capacity=2_windowsize=1)eq=branching-bisim.dzn,UNSAT,3.46,,,,,,,,,UNSAT,2.23,,,,,,,,,1.23,,,True,noc_int
142,equivchecking,Buffer_SWP_(datasize=2_capacity=2_windowsize=1)eq=branching-sim.dzn,UNSAT,3.49,,,,,,,,,UNSAT,2.24,,,,,,,,,1.25,,,True,noc_int
143,equivchecking,Buffer_SWP_(datasize=2_capacity=2_windowsize=1)eq=strong-bisim.dzn,UNSAT,0.07,,,,,,,,,UNSAT,0.07,,,,,,,,,0.0,,,True,tie/unknown
144,equivchecking,Buffer_SWP_(datasize=2_capacity=2_windowsize=1)eq=weak-bisim.dzn,UNSAT,4.14,,,,,,,,,UNSAT,3.66,,,,,,,,,0.47999999999999954,,,True,noc_int
145,equivchecking,Buffer_SWP_(datasize=4_capacity=1_windowsize=1)eq=branching-bisim.dzn,UNSAT,11.22,,,,,,,,,UNSAT,6.86,,,,,,,,,4.36,,,True,noc_int
146,equivchecking,Buffer_SWP_(datasize=4_capacity=1_windowsize=1)eq=branching-sim.dzn,UNSAT,11.12,,,,,,,,,UNSAT,6.93,,,,,,,,,4.1899999999999995,,,True,noc_int
147,equivchecking,Buffer_SWP_(datasize=4_capacity=1_windowsize=1)eq=strong-bisim.dzn,UNSAT,0.07,,,,,,,,,UNSAT,0.07,,,,,,,,,0.0,,,True,tie/unknown
148,equivchecking,Buffer_SWP_(datasize=4_capacity=1_windowsize=1)eq=weak-bisim.dzn,UNSAT,12.62,,,,,,,,,UNSAT,10.96,,,,,,,,,1.6599999999999984,,,True,noc_int
149,equivchecking,Buffer_SWP_(datasize=4_capacity=2_windowsize=1)eq=branching-bisim.dzn,UNSAT,43.76,,,,,,,,,UNSAT,29.82,,,,,,,,,13.939999999999998,,,True,noc_int
150,equivchecking,Buffer_SWP_(datasize=4_capacity=2_windowsize=1)eq=branching-sim.dzn,UNSAT,43.65,,,,,,,,,UNSAT,29.56,,,,,,,,,14.09,,,True,noc_int
151,equivchecking,Buffer_SWP_(datasize=4_capacity=2_windowsize=1)eq=strong-bisim.dzn,UNSAT,0.07,,,,,,,,,UNSAT,0.07,,,,,,,,,0.0,,,True,tie/unknown
152,equivchecking,Buffer_SWP_(datasize=4_capacity=2_windowsize=1)eq=weak-bisim.dzn,UNSAT,49.17,,,,,,,,,UNSAT,44.38,,,,,,,,,4.789999999999999,,,True,noc_int
153,equivchecking,CABP_Onebit_(datasize=2_capacity=1_windowsize=1)eq=strong-bisim.dzn,TIMEOUT,180.05,,,,,,,,,TIMEOUT,180.03,,,,,,,,,0.020000000000010232,,,True,noc_int
154,equivchecking,CABP_Onebit_(datasize=3_capacity=1_windowsize=1)eq=strong-bisim.dzn,TIMEOUT,180.26,,,,,,,,,TIMEOUT,180.16,,,,,,,,,0.09999999999999432,,,True,noc_int
155,equivchecking,CABP_Par_(datasize=2_capacity=1_windowsize=1)eq=branching-bisim.dzn,TIMEOUT,180.01,,,,,,,,,TIMEOUT,180.0,,,,,,,,,0.009999999999990905,,,True,noc_int
156,equivchecking,CABP_Par_(datasize=2_capacity=1_windowsize=1)eq=branching-sim.dzn,TIMEOUT,180.01,,,,,,,,,TIMEOUT,180.01,,,,,,,,,0.0,,,True,tie/unknown
157,equivchecking,CABP_Par_(datasize=2_capacity=1_windowsize=1)eq=strong-bisim.dzn,UNSAT,0.07,,,,,,,,,UNSAT,0.07,,,,,,,,,0.0,,,True,tie/unknown
158,equivchecking,CABP_Par_(datasize=2_capacity=1_windowsize=1)eq=weak-bisim.dzn,TIMEOUT,180.0,,,,,,,,,TIMEOUT,180.0,,,,,,,,,0.0,,,True,tie/unknown
159,equivchecking,CABP_Par_(datasize=4_capacity=1_windowsize=1)eq=branching-bisim.dzn,TIMEOUT,180.01,,,,,,,,,TIMEOUT,180.01,,,,,,,,,0.0,,,True,tie/unknown
160,equivchecking,CABP_Par_(datasize=4_capacity=1_windowsize=1)eq=branching-sim.dzn,TIMEOUT,180.01,,,,,,,,,TIMEOUT,180.01,,,,,,,,,0.0,,,True,tie/unknown
161,equivchecking,CABP_Par_(datasize=4_capacity=1_windowsize=1)eq=strong-bisim.dzn,UNSAT,0.07,,,,,,,,,UNSAT,0.07,,,,,,,,,0.0,,,True,tie/unknown
162,equivchecking,CABP_Par_(datasize=4_capacity=1_windowsize=1)eq=weak-bisim.dzn,TIMEOUT,180.01,,,,,,,,,TIMEOUT,180.01,,,,,,,,,0.0,,,True,tie/unknown
163,equivchecking,CABP_SWP_(datasize=2_capacity=1_windowsize=1)eq=branching-bisim.dzn,TIMEOUT,180.01,,,,,,,,,TIMEOUT,180.01,,,,,,,,,0.0,,,True,tie/unknown
164,equivchecking,CABP_SWP_(datasize=2_capacity=1_windowsize=1)eq=branching-sim.dzn,TIMEOUT,180.01,,,,,,,,,TIMEOUT,180.01,,,,,,,,,0.0,,,True,tie/unknown
165,equivchecking,CABP_SWP_(datasize=2_capacity=1_windowsize=1)eq=strong-bisim.dzn,TIMEOUT,180.01,,,,,,,,,TIMEOUT,180.01,,,,,,,,,0.0,,,True,tie/unknown
166,equivchecking,CABP_SWP_(datasize=2_capacity=1_windowsize=1)eq=weak-bisim.dzn,TIMEOUT,180.01,,,,,,,,,TIMEOUT,180.01,,,,,,,,,0.0,,,True,tie/unknown
167,equivchecking,CABP_SWP_(datasize=4_capacity=1_windowsize=1)eq=branching-bisim.dzn,TIMEOUT,180.01,,,,,,,,,TIMEOUT,180.01,,,,,,,,,0.0,,,True,tie/unknown
168,equivchecking,CABP_SWP_(datasize=4_capacity=1_windowsize=1)eq=branching-sim.dzn,TIMEOUT,180.01,,,,,,,,,TIMEOUT,180.01,,,,,,,,,0.0,,,True,tie/unknown
169,equivchecking,CABP_SWP_(datasize=4_capacity=1_windowsize=1)eq=strong-bisim.dzn,TIMEOUT,180.01,,,,,,,,,TIMEOUT,180.01,,,,,,,,,0.0,,,True,tie/unknown
170,equivchecking,CABP_SWP_(datasize=4_capacity=1_windowsize=1)eq=weak-bisim.dzn,TIMEOUT,180.01,,,,,,,,,TIMEOUT,180.01,,,,,,,,,0.0,,,True,tie/unknown
171,equivchecking,Onebit_SWP_(datasize=2_capacity=1_windowsize=1)eq=strong-bisim.dzn,TIMEOUT,180.04,,,,,,,,,TIMEOUT,180.03,,,,,,,,,0.009999999999990905,,,True,noc_int
172,equivchecking,Onebit_SWP_(datasize=3_capacity=1_windowsize=1)eq=strong-bisim.dzn,TIMEOUT,180.2,,,,,,,,,TIMEOUT,180.09,,,,,,,,,0.10999999999998522,,,True,noc_int
173,equivchecking,Par_Onebit_(datasize=2_capacity=1_windowsize=1)eq=branching-bisim.dzn,TIMEOUT,180.07,,,,,,,,,TIMEOUT,180.05,,,,,,,,,0.01999999999998181,,,True,noc_int
174,equivchecking,Par_Onebit_(datasize=2_capacity=1_windowsize=1)eq=branching-sim.dzn,TIMEOUT,180.08,,,,,,,,,TIMEOUT,180.05,,,,,,,,,0.030000000000001137,,,True,noc_int
175,equivchecking,Par_Onebit_(datasize=2_capacity=1_windowsize=1)eq=strong-bisim.dzn,UNSAT,0.07,,,,,,,,,UNSAT,0.07,,,,,,,,,0.0,,,True,tie/unknown
176,equivchecking,Par_Onebit_(datasize=2_capacity=1_windowsize=1)eq=weak-bisim.dzn,TIMEOUT,180.07,,,,,,,,,TIMEOUT,180.04,,,,,,,,,0.030000000000001137,,,True,noc_int
177,equivchecking,Par_Onebit_(datasize=4_capacity=1_windowsize=1)eq=strong-bisim.dzn,UNSAT,0.07,,,,,,,,,UNSAT,0.07,,,,,,,,,0.0,,,True,tie/unknown
178,equivchecking,Par_Par_(datasize=2_capacity=1_windowsize=1)eq=branching-bisim.dzn,SAT,22.24,0.1895275,241.0,3239.0,852.0,19008.0,0.0,2999.0,0.0,SAT,16.39,0.167785459,241.0,3240.0,852.0,9504.0,0.0,2999.0,0.0,5.849999999999998,0.02174204099999999,2.0,True,noc_int
179,equivchecking,Par_Par_(datasize=2_capacity=1_windowsize=1)eq=branching-sim.dzn,SAT,22.18,0.187134666,241.0,3239.0,852.0,19008.0,0.0,2999.0,0.0,SAT,16.32,0.166846834,241.0,3240.0,852.0,9504.0,0.0,2999.0,0.0,5.859999999999999,0.020287832000000006,2.0,True,noc_int
180,equivchecking,Par_Par_(datasize=2_capacity=1_windowsize=1)eq=strong-bisim.dzn,SAT,1.6,0.106171083,1.0,1189.0,1189.0,3420.0,0.0,1189.0,0.0,SAT,1.01,0.110702334,3.0,1200.0,1189.0,2367.0,0.0,1198.0,0.0,0.5900000000000001,-0.004531251,1.4448669201520912,True,noc_int
181,equivchecking,Par_Par_(datasize=2_capacity=1_windowsize=1)eq=weak-bisim.dzn,SAT,18.2,2.94399275,25.0,4917.0,4768.0,15716.0,0.0,4893.0,0.0,SAT,15.88,2.865271375,25.0,4906.0,4768.0,7858.0,0.0,4881.0,0.0,2.3199999999999985,0.0787213750000002,2.0,True,noc_int
182,equivchecking,Par_Par_(datasize=4_capacity=1_windowsize=1)eq=branching-bisim.dzn,SAT,91.35,0.60086775,513.0,4932.0,1736.0,38840.0,0.0,4420.0,0.0,SAT,66.79,0.531955542,513.0,4933.0,1736.0,19420.0,0.0,4420.0,0.0,24.559999999999988,0.06891220800000009,2.0,True,noc_int
183,equivchecking,Par_Par_(datasize=4_capacity=1_windowsize=1)eq=branching-sim.dzn,SAT,91.19,0.603739833,513.0,4932.0,1736.0,38840.0,0.0,4420.0,0.0,SAT,66.89,0.530224042,513.0,4933.0,1736.0,19420.0,0.0,4420.0,0.0,24.299999999999997,0.07351579100000005,2.0,True,noc_int
184,equivchecking,Par_Par_(datasize=4_capacity=1_windowsize=1)eq=strong-bisim.dzn,SAT,6.02,0.444742,1.0,2379.0,2379.0,6844.0,0.0,2379.0,0.0,SAT,3.68,0.460844041,3.0,2398.0,2379.0,4735.0,0.0,2396.0,0.0,2.3399999999999994,-0.016102040999999956,1.4454065469904962,True,noc_int
185,equivchecking,Par_Par_(datasize=4_capacity=1_windowsize=1)eq=weak-bisim.dzn,SAT,75.51,12.450001166,81.0,9756.0,9566.0,32284.0,0.0,9676.0,0.0,SAT,66.33,11.989254417,81.0,9745.0,9566.0,16142.0,0.0,9664.0,0.0,9.180000000000007,0.4607467490000001,2.0,True,noc_int
186,equivchecking,Par_SWP_(datasize=2_capacity=1_windowsize=1)eq=branching-bisim.dzn,TIMEOUT,180.0,,,,,,,,,TIMEOUT,180.01,,,,,,,,,-0.009999999999990905,,,True,noc_bool
187,equivchecking,Par_SWP_(datasize=2_capacity=1_windowsize=1)eq=branching-sim.dzn,TIMEOUT,180.01,,,,,,,,,TIMEOUT,180.01,,,,,,,,,0.0,,,True,tie/unknown
188,equivchecking,Par_SWP_(datasize=2_capacity=1_windowsize=1)eq=strong-bisim.dzn,UNSAT,0.07,,,,,,,,,UNSAT,0.07,,,,,,,,,0.0,,,True,tie/unknown
189,equivchecking,Par_SWP_(datasize=2_capacity=1_windowsize=1)eq=weak-bisim.dzn,TIMEOUT,180.0,,,,,,,,,TIMEOUT,180.01,,,,,,,,,-0.009999999999990905,,,True,noc_bool
190,equivchecking,Par_SWP_(datasize=4_capacity=1_windowsize=1)eq=branching-bisim.dzn,TIMEOUT,180.01,,,,,,,,,TIMEOUT,180.01,,,,,,,,,0.0,,,True,tie/unknown
191,equivchecking,Par_SWP_(datasize=4_capacity=1_windowsize=1)eq=branching-sim.dzn,TIMEOUT,180.01,,,,,,,,,TIMEOUT,180.01,,,,,,,,,0.0,,,True,tie/unknown
192,equivchecking,Par_SWP_(datasize=4_capacity=1_windowsize=1)eq=strong-bisim.dzn,UNSAT,0.07,,,,,,,,,UNSAT,0.07,,,,,,,,,0.0,,,True,tie/unknown
193,equivchecking,Par_SWP_(datasize=4_capacity=1_windowsize=1)eq=weak-bisim.dzn,TIMEOUT,180.0,,,,,,,,,TIMEOUT,180.01,,,,,,,,,-0.009999999999990905,,,True,noc_bool
194,equivchecking,SWP_SWP_(datasize=2_capacity=1_windowsize=1)eq=branching-bisim.dzn,TIMEOUT,180.01,,,,,,,,,TIMEOUT,180.01,,,,,,,,,0.0,,,True,tie/unknown
195,equivchecking,SWP_SWP_(datasize=2_capacity=1_windowsize=1)eq=branching-sim.dzn,TIMEOUT,180.01,,,,,,,,,TIMEOUT,180.0,,,,,,,,,0.009999999999990905,,,True,noc_int
196,equivchecking,SWP_SWP_(datasize=2_capacity=1_windowsize=1)eq=strong-bisim.dzn,TIMEOUT,180.0,,,,,,,,,SAT,179.15,38.954553250000004,3.0,19257.0,19147.0,28207.0,0.0,19255.0,0.0,0.8499999999999943,,,False,noc_int
197,equivchecking,SWP_SWP_(datasize=2_capacity=1_windowsize=1)eq=weak-bisim.dzn,TIMEOUT,180.01,,,,,,,,,TIMEOUT,180.01,,,,,,,,,0.0,,,True,tie/unknown
198,equivchecking,SWP_SWP_(datasize=2_capacity=1_windowsize=2)eq=branching-bisim.dzn,TIMEOUT,180.45,,,,,,,,,TIMEOUT,180.32,,,,,,,,,0.12999999999999545,,,True,noc_int
199,equivchecking,SWP_SWP_(datasize=2_capacity=1_windowsize=2)eq=branching-sim.dzn,TIMEOUT,180.49,,,,,,,,,TIMEOUT,180.26,,,,,,,,,0.2300000000000182,,,True,noc_int
200,equivchecking,SWP_SWP_(datasize=2_capacity=1_windowsize=2)eq=strong-bisim.dzn,TIMEOUT,180.03,,,,,,,,,TIMEOUT,180.02,,,,,,,,,0.009999999999990905,,,True,noc_int
201,equivchecking,SWP_SWP_(datasize=2_capacity=1_windowsize=2)eq=weak-bisim.dzn,TIMEOUT,180.42,,,,,,,,,TIMEOUT,180.21,,,,,,,,,0.20999999999997954,,,True,noc_int
202,equivchecking,SWP_SWP_(datasize=3_capacity=1_windowsize=1)eq=branching-bisim.dzn,TIMEOUT,180.01,,,,,,,,,TIMEOUT,180.01,,,,,,,,,0.0,,,True,tie/unknown
203,equivchecking,SWP_SWP_(datasize=3_capacity=1_windowsize=1)eq=branching-sim.dzn,TIMEOUT,180.01,,,,,,,,,TIMEOUT,180.01,,,,,,,,,0.0,,,True,tie/unknown
204,equivchecking,SWP_SWP_(datasize=3_capacity=1_windowsize=1)eq=strong-bisim.dzn,TIMEOUT,180.0,,,,,,,,,TIMEOUT,180.0,,,,,,,,,0.0,,,True,tie/unknown
205,equivchecking,SWP_SWP_(datasize=3_capacity=1_windowsize=1)eq=weak-bisim.dzn,TIMEOUT,180.01,,,,,,,,,TIMEOUT,180.01,,,,,,,,,0.0,,,True,tie/unknown
206,equivchecking,SWP_SWP_(datasize=3_capacity=1_windowsize=2)eq=strong-bisim.dzn,TIMEOUT,180.11,,,,,,,,,TIMEOUT,180.06,,,,,,,,,0.05000000000001137,,,True,noc_int
207,equivchecking_hesselink,Hesselink_(Implementation)_Hesselink_(Specification)_(datasize=2)eq=branching-bisim.dzn,TIMEOUT,180.41,,,,,,,,,TIMEOUT,180.24,,,,,,,,,0.1699999999999875,,,True,noc_int
208,equivchecking_hesselink,Hesselink_(Implementation)_Hesselink_(Specification)_(datasize=2)eq=branching-sim.dzn,TIMEOUT,180.39,,,,,,,,,TIMEOUT,180.25,,,,,,,,,0.13999999999998636,,,True,noc_int
209,equivchecking_hesselink,Hesselink_(Implementation)_Hesselink_(Specification)_(datasize=2)eq=strong-bisim.dzn,UNSAT,0.07,,,,,,,,,UNSAT,0.07,,,,,,,,,0.0,,,True,tie/unknown
210,equivchecking_hesselink,Hesselink_(Implementation)_Hesselink_(Specification)_(datasize=2)eq=weak-bisim.dzn,TIMEOUT,180.34,,,,,,,,,TIMEOUT,180.14,,,,,,,,,0.20000000000001705,,,True,noc_int
211,equivchecking_hesselink,Hesselink_(Implementation)_Hesselink_(Specification)_(datasize=3)eq=strong-bisim.dzn,UNSAT,0.07,,,,,,,,,UNSAT,0.07,,,,,,,,,0.0,,,True,tie/unknown
212,equivchecking_hesselink,Hesselink_(Specification)_Hesselink_(Implementation)_(datasize=2)eq=branching-bisim.dzn,TIMEOUT,180.44,,,,,,,,,TIMEOUT,180.24,,,,,,,,,0.19999999999998863,,,True,noc_int
213,equivchecking_hesselink,Hesselink_(Specification)_Hesselink_(Implementation)_(datasize=2)eq=branching-sim.dzn,TIMEOUT,180.43,,,,,,,,,TIMEOUT,180.27,,,,,,,,,0.1599999999999966,,,True,noc_int
214,equivchecking_hesselink,Hesselink_(Specification)_Hesselink_(Implementation)_(datasize=2)eq=strong-bisim.dzn,UNSAT,0.07,,,,,,,,,UNSAT,0.07,,,,,,,,,0.0,,,True,tie/unknown
215,equivchecking_hesselink,Hesselink_(Specification)_Hesselink_(Implementation)_(datasize=2)eq=weak-bisim.dzn,TIMEOUT,180.36,,,,,,,,,TIMEOUT,180.14,,,,,,,,,0.22000000000002728,,,True,noc_int
216,equivchecking_hesselink,Hesselink_(Specification)_Hesselink_(Implementation)_(datasize=3)eq=strong-bisim.dzn,UNSAT,0.07,,,,,,,,,UNSAT,0.06,,,,,,,,,0.010000000000000009,,,True,noc_int
217,modelchecking,ABP(BW)datasize=2_infinitely_often_enabled_then_infinitely_often_taken.dzn,SAT,0.26,0.023581608349999998,1.0,227.0,227.0,1506.0,0.0,227.0,0.0,SAT,0.2,0.0228003647,1.0,228.0,227.0,753.0,0.0,227.0,0.0,0.06,0.0007812436499999992,2.0,True,noc_int
218,modelchecking,ABP(BW)datasize=2_infinitely_often_read_write.dzn,SAT,0.07,0.0005598082499999999,1.0,28.0,28.0,178.0,0.0,28.0,0.0,SAT,0.07,0.0005815875,1.0,29.0,28.0,89.0,0.0,28.0,0.0,0.0,-2.1779250000000068e-05,2.0,True,tie/unknown
219,modelchecking,ABP(BW)datasize=2_infinitely_often_receive_d1.dzn,SAT,0.07,0.0003765708,1.0,25.0,25.0,164.0,0.0,25.0,0.0,SAT,0.07,0.00034332935000000003,1.0,26.0,25.0,82.0,0.0,25.0,0.0,0.0,3.324144999999998e-05,2.0,True,tie/unknown
220,modelchecking,ABP(BW)datasize=2_infinitely_often_receive_for_all_d.dzn,SAT,0.08,0.0013999875,1.0,51.0,51.0,366.0,0.0,51.0,0.0,SAT,0.08,0.0013328812,1.0,52.0,51.0,183.0,0.0,51.0,0.0,0.0,6.710630000000004e-05,2.0,True,tie/unknown
221,modelchecking,ABP(BW)datasize=2_invariantly_infinitely_many_reachable_taus.dzn,SAT,0.09,0.00036856469999999996,2.0,26.0,24.0,550.0,0.0,25.0,0.0,SAT,0.08,0.0003563001,2.0,27.0,24.0,275.0,0.0,25.0,0.0,0.009999999999999995,1.2264599999999937e-05,2.0,True,noc_int
222,modelchecking,ABP(BW)datasize=2_no_duplication_of_messages.dzn,SAT,0.09,0.00297192085,1.0,72.0,72.0,534.0,0.0,72.0,0.0,SAT,0.08,0.00296258345,1.0,73.0,72.0,267.0,0.0,72.0,0.0,0.009999999999999995,9.337400000000023e-06,2.0,True,noc_int
223,modelchecking,ABP(BW)datasize=2_no_generation_of_messages.dzn,SAT,0.07,0.000302127,1.0,23.0,23.0,168.0,0.0,23.0,0.0,SAT,0.07,0.00030432905,1.0,24.0,23.0,84.0,0.0,23.0,0.0,0.0,-2.2020499999999936e-06,2.0,True,tie/unknown
224,modelchecking,ABP(BW)datasize=2_nodeadlock.dzn,SAT,0.07,0.0003181125,1.0,24.0,24.0,162.0,0.0,24.0,0.0,SAT,0.07,0.00031575215000000003,1.0,25.0,24.0,81.0,0.0,24.0,0.0,0.0,2.3603499999999816e-06,2.0,True,tie/unknown
225,modelchecking,ABP(BW)datasize=2_read_then_eventually_send.dzn,SAT,0.1,0.0030985919000000002,1.0,78.0,78.0,562.0,0.0,78.0,0.0,SAT,0.09,0.0031542499000000003,1.0,79.0,78.0,281.0,0.0,78.0,0.0,0.010000000000000009,-5.5658000000000096e-05,2.0,True,noc_int
226,modelchecking,ABP(BW)datasize=4_infinitely_often_enabled_then_infinitely_often_taken.dzn,SAT,2.78,0.367470125,1.0,911.0,911.0,6066.0,0.0,911.0,0.0,SAT,1.93,0.370475875,1.0,912.0,911.0,3033.0,0.0,911.0,0.0,0.8499999999999999,-0.0030057500000000292,2.0,True,noc_int
227,modelchecking,ABP(BW)datasize=4_infinitely_often_read_write.dzn,SAT,0.09,0.0021547791,1.0,60.0,60.0,394.0,0.0,60.0,0.0,SAT,0.08,0.0022881396,1.0,61.0,60.0,197.0,0.0,60.0,0.0,0.009999999999999995,-0.00013336050000000007,2.0,True,noc_int
228,modelchecking,ABP(BW)datasize=4_infinitely_often_receive_d1.dzn,SAT,0.09,0.00135834395,1.0,51.0,51.0,352.0,0.0,51.0,0.0,SAT,0.08,0.00138458355,1.0,52.0,51.0,176.0,0.0,51.0,0.0,0.009999999999999995,-2.6239599999999938e-05,2.0,True,noc_int
229,modelchecking,ABP(BW)datasize=4_infinitely_often_receive_for_all_d.dzn,SAT,0.27,0.0202199874,1.0,207.0,207.0,1522.0,0.0,207.0,0.0,SAT,0.26,0.0193901041,1.0,208.0,207.0,761.0,0.0,207.0,0.0,0.010000000000000009,0.0008298833000000005,2.0,True,noc_int
230,modelchecking,ABP(BW)datasize=4_invariantly_infinitely_many_reachable_taus.dzn,SAT,0.17,0.00141057725,2.0,52.0,50.0,1114.0,0.0,51.0,0.0,SAT,0.14,0.00124887705,2.0,53.0,50.0,557.0,0.0,51.0,0.0,0.03,0.00016170019999999993,2.0,True,noc_int
231,modelchecking,ABP(BW)datasize=4_no_duplication_of_messages.dzn,SAT,0.34,0.03019821245,1.0,250.0,250.0,1862.0,0.0,250.0,0.0,SAT,0.24,0.031089852,1.0,251.0,250.0,931.0,0.0,250.0,0.0,0.10000000000000003,-0.00089163955,2.0,True,noc_int
232,modelchecking,ABP(BW)datasize=4_no_generation_of_messages.dzn,SAT,0.17,0.00980869575,1.0,151.0,151.0,1120.0,0.0,151.0,0.0,SAT,0.13,0.0098004251,1.0,152.0,151.0,560.0,0.0,151.0,0.0,0.04000000000000001,8.270650000001198e-06,2.0,True,noc_int
233,modelchecking,ABP(BW)datasize=4_nodeadlock.dzn,SAT,0.08,0.00118768125,1.0,50.0,50.0,350.0,0.0,50.0,0.0,SAT,0.08,0.00115344775,1.0,51.0,50.0,175.0,0.0,50.0,0.0,0.0,3.4233500000000004e-05,2.0,True,tie/unknown
234,modelchecking,ABP(BW)datasize=4_read_then_eventually_send.dzn,SAT,0.36,0.03235318535,1.0,262.0,262.0,1910.0,0.0,262.0,0.0,SAT,0.24,0.032968033349999995,1.0,263.0,262.0,955.0,0.0,262.0,0.0,0.12,-0.0006148479999999942,2.0,True,noc_int
235,modelchecking,ABP(BW)datasize=8_infinitely_often_enabled_then_infinitely_often_taken.dzn,SAT,41.6,6.030158791,1.0,3647.0,3647.0,24210.0,0.0,3647.0,0.0,SAT,28.48,6.092053208,1.0,3648.0,3647.0,12105.0,0.0,3647.0,0.0,13.120000000000001,-0.06189441700000042,2.0,True,noc_int
236,modelchecking,ABP(BW)datasize=8_infinitely_often_read_write.dzn,SAT,0.13,0.00840953755,1.0,124.0,124.0,826.0,0.0,124.0,0.0,SAT,0.12,0.009140485399999999,1.0,125.0,124.0,413.0,0.0,124.0,0.0,0.010000000000000009,-0.0007309478499999984,2.0,True,noc_int
237,modelchecking,ABP(BW)datasize=8_infinitely_often_receive_d1.dzn,SAT,0.12,0.00507476055,1.0,103.0,103.0,728.0,0.0,103.0,0.0,SAT,0.12,0.00516869375,1.0,104.0,103.0,364.0,0.0,103.0,0.0,0.0,-9.39332000000001e-05,2.0,True,tie/unknown
238,modelchecking,ABP(BW)datasize=8_infinitely_often_receive_for_all_d.dzn,SAT,2.77,0.329429042,1.0,831.0,831.0,6090.0,0.0,831.0,0.0,SAT,2.7,0.301774125,1.0,832.0,831.0,3045.0,0.0,831.0,0.0,0.06999999999999984,0.027654917,2.0,True,noc_int
239,modelchecking,ABP(BW)datasize=8_invariantly_infinitely_many_reachable_taus.dzn,SAT,0.42,0.004801804,2.0,104.0,102.0,2242.0,0.0,103.0,0.0,SAT,0.31,0.00473404805,2.0,105.0,102.0,1121.0,0.0,103.0,0.0,0.10999999999999999,6.775594999999975e-05,2.0,True,noc_int
240,modelchecking,ABP(BW)datasize=8_no_duplication_of_messages.dzn,SAT,3.33,0.384340375,1.0,918.0,918.0,6774.0,0.0,918.0,0.0,SAT,1.96,0.397271666,1.0,919.0,918.0,3387.0,0.0,918.0,0.0,1.37,-0.012931291000000011,2.0,True,noc_int
241,modelchecking,ABP(BW)datasize=8_no_generation_of_messages.dzn,SAT,2.06,0.209201375,1.0,719.0,719.0,5280.0,0.0,719.0,0.0,SAT,1.21,0.210577417,1.0,720.0,719.0,2640.0,0.0,719.0,0.0,0.8500000000000001,-0.001376041999999994,2.0,True,noc_int
242,modelchecking,ABP(BW)datasize=8_nodeadlock.dzn,SAT,0.12,0.0044656083,1.0,102.0,102.0,726.0,0.0,102.0,0.0,SAT,0.1,0.0043674104,1.0,103.0,102.0,363.0,0.0,102.0,0.0,0.01999999999999999,9.819790000000026e-05,2.0,True,noc_int
243,modelchecking,ABP(BW)datasize=8_read_then_eventually_send.dzn,SAT,3.42,0.4015765,1.0,942.0,942.0,6862.0,0.0,942.0,0.0,SAT,2.02,0.405519542,1.0,943.0,942.0,3431.0,0.0,942.0,0.0,1.4,-0.003943042000000008,2.0,True,noc_int
244,modelchecking,ABPdatasize=2_infinitely_often_enabled_then_infinitely_often_taken.dzn,SAT,0.18,0.01341298755,1.0,175.0,175.0,1138.0,0.0,175.0,0.0,SAT,0.15,0.01279496875,1.0,176.0,175.0,569.0,0.0,175.0,0.0,0.03,0.0006180188,2.0,True,noc_int
245,modelchecking,ABPdatasize=2_infinitely_often_lost.dzn,UNSAT,0.07,,,,,,,,,UNSAT,0.07,,,,,,,,,0.0,,,True,tie/unknown
246,modelchecking,ABPdatasize=2_infinitely_often_read_write.dzn,SAT,0.07,0.0003357625,1.0,20.0,20.0,128.0,0.0,20.0,0.0,SAT,0.07,0.00033894584999999997,1.0,21.0,20.0,64.0,0.0,20.0,0.0,0.0,-3.1833499999999837e-06,2.0,True,tie/unknown
247,modelchecking,ABPdatasize=2_infinitely_often_receive_d1.dzn,SAT,0.07,0.00022070829999999998,1.0,18.0,18.0,116.0,0.0,18.0,0.0,SAT,0.07,0.00020299994999999998,1.0,19.0,18.0,58.0,0.0,18.0,0.0,0.0,1.7708349999999998e-05,2.0,True,tie/unknown
248,modelchecking,ABPdatasize=2_infinitely_often_receive_for_all_d.dzn,SAT,0.08,0.0007956289,1.0,37.0,37.0,270.0,0.0,37.0,0.0,SAT,0.08,0.0007429436999999999,1.0,38.0,37.0,135.0,0.0,37.0,0.0,0.0,5.268520000000008e-05,2.0,True,tie/unknown
249,modelchecking,ABPdatasize=2_invariantly_infinitely_many_reachable_taus.dzn,SAT,0.09,0.00023136245,2.0,20.0,18.0,412.0,0.0,19.0,0.0,SAT,0.08,0.00022856040000000002,2.0,21.0,18.0,206.0,0.0,19.0,0.0,0.009999999999999995,2.802049999999981e-06,2.0,True,noc_int
250,modelchecking,ABPdatasize=2_no_duplication_of_messages.dzn,SAT,0.09,0.00168632915,1.0,54.0,54.0,396.0,0.0,54.0,0.0,SAT,0.08,0.0017162144500000001,1.0,55.0,54.0,198.0,0.0,54.0,0.0,0.009999999999999995,-2.9885300000000213e-05,2.0,True,noc_int
251,modelchecking,ABPdatasize=2_no_generation_of_messages.dzn,SAT,0.07,0.00017811035,1.0,17.0,17.0,120.0,0.0,17.0,0.0,SAT,0.07,0.0001781646,1.0,18.0,17.0,60.0,0.0,17.0,0.0,0.0,-5.425000000001392e-08,2.0,True,tie/unknown
252,modelchecking,ABPdatasize=2_nodeadlock.dzn,SAT,0.07,0.00019335635,1.0,18.0,18.0,116.0,0.0,18.0,0.0,SAT,0.07,0.00019110214999999998,1.0,19.0,18.0,58.0,0.0,18.0,0.0,0.0,2.2542000000000232e-06,2.0,True,tie/unknown
253,modelchecking,ABPdatasize=2_read_then_eventually_send.dzn,SAT,0.09,0.00175118115,1.0,58.0,58.0,420.0,0.0,58.0,0.0,SAT,0.08,0.0017539853500000001,1.0,59.0,58.0,210.0,0.0,58.0,0.0,0.009999999999999995,-2.8042000000001992e-06,2.0,True,noc_int
254,modelchecking,ABPdatasize=2_read_then_eventually_send_if_fair.dzn,SAT,0.07,0.0003622979,1.0,30.0,30.0,230.0,0.0,30.0,0.0,SAT,0.07,0.00036132704999999995,1.0,31.0,30.0,115.0,0.0,30.0,0.0,0.0,9.708500000000586e-07,2.0,True,tie/unknown
255,modelchecking,ABPdatasize=4_infinitely_often_enabled_then_infinitely_often_taken.dzn,SAT,1.67,0.20935825,1.0,703.0,703.0,4626.0,0.0,703.0,0.0,SAT,1.17,0.206601959,1.0,704.0,703.0,2313.0,0.0,703.0,0.0,0.5,0.002756290999999994,2.0,True,noc_int
256,modelchecking,ABPdatasize=4_infinitely_often_lost.dzn,UNSAT,0.09,,,,,,,,,UNSAT,0.09,,,,,,,,,0.0,,,True,tie/unknown
257,modelchecking,ABPdatasize=4_infinitely_often_read_write.dzn,SAT,0.08,0.00125578975,1.0,44.0,44.0,296.0,0.0,44.0,0.0,SAT,0.08,0.0012174353,1.0,45.0,44.0,148.0,0.0,44.0,0.0,0.0,3.835444999999993e-05,2.0,True,tie/unknown
258,modelchecking,ABPdatasize=4_infinitely_often_receive_d1.dzn,SAT,0.08,0.0007833354,1.0,38.0,38.0,260.0,0.0,38.0,0.0,SAT,0.07,0.0007996499,1.0,39.0,38.0,130.0,0.0,38.0,0.0,0.009999999999999995,-1.6314499999999974e-05,2.0,True,noc_int
259,modelchecking,ABPdatasize=4_infinitely_often_receive_for_all_d.dzn,SAT,0.18,0.01137412075,1.0,155.0,155.0,1154.0,0.0,155.0,0.0,SAT,0.18,0.0109746063,1.0,156.0,155.0,577.0,0.0,155.0,0.0,0.0,0.0003995144499999992,2.0,True,tie/unknown
260,modelchecking,ABPdatasize=4_invariantly_infinitely_many_reachable_taus.dzn,SAT,0.13,0.0007640082999999999,2.0,40.0,38.0,844.0,0.0,39.0,0.0,SAT,0.11,0.0007400166,2.0,41.0,38.0,422.0,0.0,39.0,0.0,0.020000000000000004,2.399169999999992e-05,2.0,True,noc_int
261,modelchecking,ABPdatasize=4_no_duplication_of_messages.dzn,SAT,0.23,0.0170800145,1.0,190.0,190.0,1412.0,0.0,190.0,0.0,SAT,0.16,0.0171683312,1.0,191.0,190.0,706.0,0.0,190.0,0.0,0.07,-8.831670000000041e-05,2.0,True,noc_int
262,modelchecking,ABPdatasize=4_no_generation_of_messages.dzn,SAT,0.13,0.00571481255,1.0,115.0,115.0,848.0,0.0,115.0,0.0,SAT,0.11,0.005595975,1.0,116.0,115.0,424.0,0.0,115.0,0.0,0.020000000000000004,0.00011883754999999965,2.0,True,noc_int
263,modelchecking,ABPdatasize=4_nodeadlock.dzn,SAT,0.08,0.00069397915,1.0,38.0,38.0,260.0,0.0,38.0,0.0,SAT,0.07,0.0006732312499999999,1.0,39.0,38.0,130.0,0.0,38.0,0.0,0.009999999999999995,2.0747900000000086e-05,2.0,True,noc_int
264,modelchecking,ABPdatasize=4_read_then_eventually_send.dzn,SAT,0.24,0.0174054709,1.0,198.0,198.0,1452.0,0.0,198.0,0.0,SAT,0.17,0.01767091035,1.0,199.0,198.0,726.0,0.0,198.0,0.0,0.06999999999999998,-0.00026543944999999833,2.0,True,noc_int
265,modelchecking,ABPdatasize=4_read_then_eventually_send_if_fair.dzn,SAT,0.09,0.0013191459,1.0,62.0,62.0,486.0,0.0,62.0,0.0,SAT,0.08,0.00131311045,1.0,63.0,62.0,243.0,0.0,62.0,0.0,0.009999999999999995,6.035449999999875e-06,2.0,True,noc_int
266,modelchecking,ABPdatasize=8_infinitely_often_enabled_then_infinitely_often_taken.dzn,SAT,24.3,3.387656833,1.0,2815.0,2815.0,18514.0,0.0,2815.0,0.0,SAT,16.61,3.397739125,1.0,2816.0,2815.0,9257.0,0.0,2815.0,0.0,7.690000000000001,-0.010082292000000326,2.0,True,noc_int
267,modelchecking,ABPdatasize=8_infinitely_often_lost.dzn,UNSAT,0.14,,,,,,,,,UNSAT,0.13,,,,,,,,,0.010000000000000009,,,True,noc_int
268,modelchecking,ABPdatasize=8_infinitely_often_read_write.dzn,SAT,0.11,0.0048428063,1.0,92.0,92.0,632.0,0.0,92.0,0.0,SAT,0.1,0.00515080405,1.0,93.0,92.0,316.0,0.0,92.0,0.0,0.009999999999999995,-0.00030799774999999956,2.0,True,noc_int
269,modelchecking,ABPdatasize=8_infinitely_often_receive_d1.dzn,SAT,0.1,0.00285869365,1.0,78.0,78.0,548.0,0.0,78.0,0.0,SAT,0.1,0.00292792285,1.0,79.0,78.0,274.0,0.0,78.0,0.0,0.0,-6.922920000000015e-05,2.0,True,tie/unknown
270,modelchecking,ABPdatasize=8_infinitely_often_receive_for_all_d.dzn,SAT,1.69,0.176081209,1.0,631.0,631.0,4650.0,0.0,631.0,0.0,SAT,1.63,0.170194292,1.0,632.0,631.0,2325.0,0.0,631.0,0.0,0.06000000000000005,0.0058869169999999915,2.0,True,noc_int
271,modelchecking,ABPdatasize=8_invariantly_infinitely_many_reachable_taus.dzn,SAT,0.28,0.0028428624499999998,2.0,80.0,78.0,1708.0,0.0,79.0,0.0,SAT,0.22,0.00269461685,2.0,81.0,78.0,854.0,0.0,79.0,0.0,0.060000000000000026,0.00014824559999999974,2.0,True,noc_int
272,modelchecking,ABPdatasize=8_no_duplication_of_messages.dzn,SAT,1.99,0.210128125,1.0,702.0,702.0,5172.0,0.0,702.0,0.0,SAT,1.19,0.21716725,1.0,703.0,702.0,2586.0,0.0,702.0,0.0,0.8,-0.007039125000000007,2.0,True,noc_int
273,modelchecking,ABPdatasize=8_no_generation_of_messages.dzn,SAT,1.23,0.119814917,1.0,551.0,551.0,4032.0,0.0,551.0,0.0,SAT,0.75,0.11994746675000001,1.0,552.0,551.0,2016.0,0.0,551.0,0.0,0.48,-0.00013254975000000224,2.0,True,noc_int
274,modelchecking,ABPdatasize=8_nodeadlock.dzn,SAT,0.1,0.0026006833,1.0,78.0,78.0,548.0,0.0,78.0,0.0,SAT,0.09,0.0025352062500000002,1.0,79.0,78.0,274.0,0.0,78.0,0.0,0.010000000000000009,6.547704999999978e-05,2.0,True,noc_int
275,modelchecking,ABPdatasize=8_read_then_eventually_send.dzn,SAT,2.04,0.215451209,1.0,718.0,718.0,5244.0,0.0,718.0,0.0,SAT,1.21,0.222491958,1.0,719.0,718.0,2622.0,0.0,718.0,0.0,0.8300000000000001,-0.007040748999999985,2.0,True,noc_int
276,modelchecking,ABPdatasize=8_read_then_eventually_send_if_fair.dzn,SAT,0.15,0.0049745020000000004,1.0,126.0,126.0,998.0,0.0,126.0,0.0,SAT,0.12,0.005031975100000001,1.0,127.0,126.0,499.0,0.0,126.0,0.0,0.03,-5.7473100000000193e-05,2.0,True,noc_int
277,modelchecking,BRPdatasize=2_counting.dzn,TIMEOUT,180.02,,,,,,,,,TIMEOUT,180.02,,,,,,,,,0.0,,,True,tie/unknown
278,modelchecking,BRPdatasize=2_nodeadlock.dzn,SAT,24.69,4.640771166,1.0,1344.0,1344.0,18138.0,0.0,1344.0,0.0,SAT,15.03,4.825290084,1.0,1345.0,1344.0,9069.0,0.0,1344.0,0.0,9.660000000000002,-0.1845189179999993,2.0,True,noc_int
279,modelchecking,BRPdatasize=4_nodeadlock.dzn,TIMEOUT,180.0,,,,,,,,,TIMEOUT,180.01,,,,,,,,,-0.009999999999990905,,,True,noc_bool
280,modelchecking,CABPdatasize=2_infinitely_often_enabled_then_infinitely_often_taken.dzn,SAT,3.67,0.177642875,1.0,1673.0,1673.0,7408.0,0.0,1673.0,0.0,SAT,2.42,0.174588042,1.0,1674.0,1673.0,3704.0,0.0,1673.0,0.0,1.25,0.003054833000000007,2.0,True,noc_int
281,modelchecking,CABPdatasize=2_infinitely_often_read_write.dzn,SAT,0.21,0.00856155835,1.0,444.0,444.0,1368.0,0.0,444.0,0.0,SAT,0.17,0.0092196958,1.0,445.0,444.0,684.0,0.0,444.0,0.0,0.03999999999999998,-0.0006581374500000004,2.0,True,noc_int
282,modelchecking,CABPdatasize=2_infinitely_often_receive_d1.dzn,UNSAT,0.15,,,,,,,,,UNSAT,0.14,,,,,,,,,0.009999999999999981,,,True,noc_int
283,modelchecking,CABPdatasize=2_infinitely_often_receive_for_all_d.dzn,UNSAT,0.36,,,,,,,,,UNSAT,0.34,,,,,,,,,0.019999999999999962,,,True,noc_int
284,modelchecking,CABPdatasize=2_invariantly_infinitely_many_reachable_taus.dzn,SAT,0.59,0.01440688115,41.0,1409.0,415.0,2778.0,0.0,1369.0,0.0,SAT,0.43,0.01283958965,41.0,1392.0,415.0,1389.0,0.0,1351.0,0.0,0.15999999999999998,0.0015672915,2.0,True,noc_int
285,modelchecking,CABPdatasize=2_no_duplication_of_messages.dzn,SAT,0.61,0.03483543545,1.0,1241.0,1241.0,2778.0,0.0,1241.0,0.0,SAT,0.38,0.03981802505,1.0,1242.0,1241.0,1389.0,0.0,1241.0,0.0,0.22999999999999998,-0.004982589599999997,2.0,True,noc_int
286,modelchecking,CABPdatasize=2_no_generation_of_messages.dzn,SAT,0.13,0.00378865215,1.0,397.0,397.0,890.0,0.0,397.0,0.0,SAT,0.11,0.0043363438,1.0,398.0,397.0,445.0,0.0,397.0,0.0,0.020000000000000004,-0.0005476916499999999,2.0,True,noc_int
287,modelchecking,CABPdatasize=2_nodeadlock.dzn,SAT,0.14,0.0042022813,1.0,415.0,415.0,922.0,0.0,415.0,0.0,SAT,0.11,0.0047552666,1.0,416.0,415.0,461.0,0.0,415.0,0.0,0.030000000000000013,-0.0005529853000000003,2.0,True,noc_int
288,modelchecking,CABPdatasize=2_read_then_eventually_send.dzn,UNSAT,0.69,,,,,,,,,UNSAT,0.4,,,,,,,,,0.2899999999999999,,,True,noc_int
289,modelchecking,CABPdatasize=4_infinitely_often_enabled_then_infinitely_often_taken.dzn,SAT,70.15,3.418609542,1.0,7667.0,7667.0,33264.0,0.0,7667.0,0.0,SAT,45.38,3.457676959,1.0,7668.0,7667.0,16632.0,0.0,7667.0,0.0,24.770000000000003,-0.03906741700000005,2.0,True,noc_int
290,modelchecking,CABPdatasize=4_infinitely_often_read_write.dzn,SAT,0.79,0.042747664549999995,1.0,1008.0,1008.0,3224.0,0.0,1008.0,0.0,SAT,0.59,0.04641250835,1.0,1009.0,1008.0,1612.0,0.0,1008.0,0.0,0.20000000000000007,-0.0036648438000000047,2.0,True,noc_int
291,modelchecking,CABPdatasize=4_infinitely_often_receive_d1.dzn,UNSAT,0.42,,,,,,,,,UNSAT,0.4,,,,,,,,,0.019999999999999962,,,True,noc_int
292,modelchecking,CABPdatasize=4_infinitely_often_receive_for_all_d.dzn,UNSAT,5.07,,,,,,,,,UNSAT,4.81,,,,,,,,,0.2600000000000007,,,True,noc_int
293,modelchecking,CABPdatasize=4_invariantly_infinitely_many_reachable_taus.dzn,SAT,2.54,0.043307125,77.0,1826.0,951.0,6234.0,0.0,1750.0,0.0,SAT,1.75,0.041452333,77.0,1811.0,951.0,3117.0,0.0,1734.0,0.0,0.79,0.001854792000000001,2.0,True,noc_int
294,modelchecking,CABPdatasize=4_no_duplication_of_messages.dzn,SAT,7.15,0.479949209,1.0,4747.0,4747.0,10394.0,0.0,4747.0,0.0,SAT,3.98,0.536991708,1.0,4748.0,4747.0,5197.0,0.0,4747.0,0.0,3.1700000000000004,-0.05704249899999997,2.0,True,noc_int
295,modelchecking,CABPdatasize=4_no_generation_of_messages.dzn,SAT,2.38,0.158157625,1.0,2671.0,2671.0,5882.0,0.0,2671.0,0.0,SAT,1.36,0.176676167,1.0,2672.0,2671.0,2941.0,0.0,2671.0,0.0,1.0199999999999998,-0.018518542,2.0,True,noc_int
296,modelchecking,CABPdatasize=4_nodeadlock.dzn,SAT,0.38,0.020482097799999998,1.0,951.0,951.0,2074.0,0.0,951.0,0.0,SAT,0.25,0.023239112649999998,1.0,952.0,951.0,1037.0,0.0,951.0,0.0,0.13,-0.0027570148499999995,2.0,True,noc_int
297,modelchecking,CABPdatasize=4_read_then_eventually_send.dzn,UNSAT,7.84,,,,,,,,,UNSAT,4.02,,,,,,,,,3.8200000000000003,,,True,noc_int
298,modelchecking,CABPdatasize=8_infinitely_often_enabled_then_infinitely_often_taken.dzn,TIMEOUT,180.0,,,,,,,,,TIMEOUT,180.0,,,,,,,,,0.0,,,True,tie/unknown
299,modelchecking,CABPdatasize=8_infinitely_often_read_write.dzn,SAT,4.78,0.265814625,1.0,2520.0,2520.0,8472.0,0.0,2520.0,0.0,SAT,3.47,0.283223458,1.0,2521.0,2520.0,4236.0,0.0,2520.0,0.0,1.31,-0.017408832999999957,2.0,True,noc_int
300,modelchecking,CABPdatasize=8_infinitely_often_receive_d1.dzn,UNSAT,1.97,,,,,,,,,UNSAT,1.93,,,,,,,,,0.040000000000000036,,,True,noc_int
301,modelchecking,CABPdatasize=8_infinitely_often_receive_for_all_d.dzn,UNSAT,114.05,,,,,,,,,UNSAT,111.37,,,,,,,,,2.6799999999999926,,,True,noc_int
302,modelchecking,CABPdatasize=8_invariantly_infinitely_many_reachable_taus.dzn,SAT,14.81,0.207939125,149.0,3387.0,2407.0,15450.0,0.0,3239.0,0.0,SAT,10.02,0.207207292,149.0,3371.0,2407.0,7725.0,0.0,3222.0,0.0,4.790000000000001,0.0007318330000000151,2.0,True,noc_int
303,modelchecking,CABPdatasize=8_no_duplication_of_messages.dzn,SAT,138.55,9.618089792,1.0,21647.0,21647.0,46362.0,0.0,21647.0,0.0,SAT,75.13,10.460394958,1.0,21648.0,21647.0,23181.0,0.0,21647.0,0.0,63.420000000000016,-0.8423051660000009,2.0,True,noc_int
304,modelchecking,CABPdatasize=8_no_generation_of_messages.dzn,SAT,75.98,5.353889833,1.0,15967.0,15967.0,34298.0,0.0,15967.0,0.0,SAT,41.43,5.848042875,1.0,15968.0,15967.0,17149.0,0.0,15967.0,0.0,34.550000000000004,-0.49415304199999976,2.0,True,noc_int
305,modelchecking,CABPdatasize=8_nodeadlock.dzn,SAT,1.85,0.123354583,1.0,2407.0,2407.0,5146.0,0.0,2407.0,0.0,SAT,1.06,0.13744675,1.0,2408.0,2407.0,2573.0,0.0,2407.0,0.0,0.79,-0.014092167000000003,2.0,True,noc_int
306,modelchecking,CABPdatasize=8_read_then_eventually_send.dzn,UNSAT,144.73,,,,,,,,,UNSAT,72.78,,,,,,,,,71.94999999999999,,,True,noc_int
307,modelchecking,CCP_3.2._max_copies_per_region.dzn,UNSAT,0.07,,,,,,,,,UNSAT,0.07,,,,,,,,,0.0,,,True,tie/unknown
308,modelchecking,Clobberwidth=4_height=4_black_has_winning_strategy.dzn,TIMEOUT,180.01,,,,,,,,,TIMEOUT,180.01,,,,,,,,,0.0,,,True,tie/unknown
309,modelchecking,Clobberwidth=4_height=4_white_has_winning_strategy.dzn,TIMEOUT,180.01,,,,,,,,,TIMEOUT,180.01,,,,,,,,,0.0,,,True,tie/unknown
310,modelchecking,Debug_spec_nodeadlock.dzn,SAT,0.07,8.458e-06,1.0,0.0,0.0,0.0,0.0,0.0,0.0,SAT,0.07,8.9647e-06,1.0,1.0,0.0,0.0,0.0,0.0,0.0,0.0,-5.067000000000014e-07,,True,tie/unknown
311,modelchecking,Domineeringwidth=4_height=4_player1_has_winning_strategy.dzn,SAT,1.37,0.024836666,1.0,872.0,872.0,2304.0,0.0,872.0,0.0,SAT,1.98,1.006817708,184.0,39069.0,872.0,2221.0,0.0,38976.0,0.0,-0.6099999999999999,-0.981981042,1.0373705538045925,True,noc_bool
312,modelchecking,Domineeringwidth=4_height=4_player2_has_winning_strategy.dzn,UNSAT,1.34,,,,,,,,,UNSAT,0.97,,,,,,,,,0.3700000000000001,,,True,noc_int
313,modelchecking,Elevatorpolicy=FIFO_storeys=2_always_if_max_floor_requested_eventually_at_max_floor.dzn,SAT,0.07,1.543545e-05,1.0,1.0,1.0,12.0,0.0,1.0,0.0,SAT,0.07,1.616465e-05,1.0,2.0,1.0,6.0,0.0,1.0,0.0,0.0,-7.291999999999997e-07,2.0,True,tie/unknown
314,modelchecking,Elevatorpolicy=FIFO_storeys=3_always_if_max_floor_requested_eventually_at_max_floor.dzn,SAT,0.07,2.378755e-05,1.0,3.0,3.0,36.0,0.0,3.0,0.0,SAT,0.07,2.434375e-05,1.0,4.0,3.0,18.0,0.0,3.0,0.0,0.0,-5.561999999999999e-07,2.0,True,tie/unknown
315,modelchecking,Elevatorpolicy=FIFO_storeys=4_always_if_max_floor_requested_eventually_at_max_floor.dzn,SAT,0.07,5.0823100000000005e-05,1.0,5.0,5.0,72.0,0.0,5.0,0.0,SAT,0.07,4.788945e-05,1.0,6.0,5.0,36.0,0.0,5.0,0.0,0.0,2.9336500000000054e-06,2.0,True,tie/unknown
316,modelchecking,Elevatorpolicy=FIFO_storeys=5_always_if_max_floor_requested_eventually_at_max_floor.dzn,SAT,0.07,0.00011634989999999999,1.0,10.0,10.0,120.0,0.0,10.0,0.0,SAT,0.07,0.00011496465,1.0,11.0,10.0,60.0,0.0,10.0,0.0,0.0,1.3852499999999915e-06,2.0,True,tie/unknown
317,modelchecking,Elevatorpolicy=FIFO_storeys=6_always_if_max_floor_requested_eventually_at_max_floor.dzn,SAT,0.07,0.0002726459,1.0,15.0,15.0,180.0,0.0,15.0,0.0,SAT,0.07,0.0002664395,1.0,16.0,15.0,90.0,0.0,15.0,0.0,0.0,6.206400000000002e-06,2.0,True,tie/unknown
318,modelchecking,Elevatorpolicy=FIFO_storeys=7_always_if_max_floor_requested_eventually_at_max_floor.dzn,SAT,0.08,0.0006084105,1.0,21.0,21.0,252.0,0.0,21.0,0.0,SAT,0.07,0.0006422667,1.0,22.0,21.0,126.0,0.0,21.0,0.0,0.009999999999999995,-3.385619999999993e-05,2.0,True,noc_int
319,modelchecking,Elevatorpolicy=FIFO_storeys=8_always_if_max_floor_requested_eventually_at_max_floor.dzn,SAT,0.08,0.00127338535,1.0,27.0,27.0,336.0,0.0,27.0,0.0,SAT,0.08,0.00133401045,1.0,28.0,27.0,168.0,0.0,27.0,0.0,0.0,-6.062509999999995e-05,2.0,True,tie/unknown
320,modelchecking,Elevatorpolicy=LIFO_storeys=2_always_if_max_floor_requested_eventually_at_max_floor.dzn,SAT,0.07,1.5316700000000002e-05,1.0,1.0,1.0,12.0,0.0,1.0,0.0,SAT,0.07,1.62522e-05,1.0,2.0,1.0,6.0,0.0,1.0,0.0,0.0,-9.354999999999981e-07,2.0,True,tie/unknown
321,modelchecking,Elevatorpolicy=LIFO_storeys=3_always_if_max_floor_requested_eventually_at_max_floor.dzn,SAT,0.07,4.59314e-05,1.0,7.0,7.0,72.0,0.0,7.0,0.0,SAT,0.07,4.25416e-05,1.0,8.0,7.0,36.0,0.0,7.0,0.0,0.0,3.3897999999999993e-06,2.0,True,tie/unknown
322,modelchecking,Elevatorpolicy=LIFO_storeys=4_always_if_max_floor_requested_eventually_at_max_floor.dzn,SAT,0.11,0.00201566885,1.0,72.0,72.0,672.0,0.0,72.0,0.0,SAT,0.1,0.0020483543,1.0,73.0,72.0,336.0,0.0,72.0,0.0,0.009999999999999995,-3.2685450000000116e-05,2.0,True,noc_int
323,modelchecking,Elevatorpolicy=LIFO_storeys=5_always_if_max_floor_requested_eventually_at_max_floor.dzn,SAT,1.69,0.153629583,1.0,568.0,568.0,4776.0,0.0,568.0,0.0,SAT,1.46,0.160852,1.0,569.0,568.0,2388.0,0.0,568.0,0.0,0.22999999999999998,-0.007222417000000009,2.0,True,noc_int
324,modelchecking,Elevatorpolicy=LIFO_storeys=6_always_if_max_floor_requested_eventually_at_max_floor.dzn,SAT,88.84,12.748284792,1.0,4456.0,4456.0,35532.0,0.0,4456.0,0.0,SAT,76.32,12.91374125,1.0,4457.0,4456.0,17766.0,0.0,4456.0,0.0,12.52000000000001,-0.16545645799999953,2.0,True,noc_int
325,modelchecking,Hanoindisks=10_eventually_done.dzn,TIMEOUT,180.0,,,,,,,,,TIMEOUT,180.0,,,,,,,,,0.0,,,True,tie/unknown
326,modelchecking,Hanoindisks=11_eventually_done.dzn,TIMEOUT,180.01,,,,,,,,,TIMEOUT,180.01,,,,,,,,,0.0,,,True,tie/unknown
327,modelchecking,Hanoindisks=12_eventually_done.dzn,TIMEOUT,180.01,,,,,,,,,TIMEOUT,180.01,,,,,,,,,0.0,,,True,tie/unknown
328,modelchecking,Hanoindisks=13_eventually_done.dzn,TIMEOUT,180.02,,,,,,,,,TIMEOUT,180.01,,,,,,,,,0.010000000000019327,,,True,noc_int
329,modelchecking,Hanoindisks=8_eventually_done.dzn,UNSAT,10.65,,,,,,,,,UNSAT,10.54,,,,,,,,,0.11000000000000121,,,True,noc_int
330,modelchecking,Hanoindisks=9_eventually_done.dzn,UNSAT,93.35,,,,,,,,,UNSAT,92.92,,,,,,,,,0.4299999999999926,,,True,noc_int
331,modelchecking,Hesselinkdatasize=2_nodeadlock.dzn,TIMEOUT,180.01,,,,,,,,,TIMEOUT,180.01,,,,,,,,,0.0,,,True,tie/unknown
332,modelchecking,Hesselinkdatasize=2_property1.dzn,TIMEOUT,180.01,,,,,,,,,TIMEOUT,180.01,,,,,,,,,0.0,,,True,tie/unknown
333,modelchecking,Hesselinkdatasize=2_property2.dzn,TIMEOUT,180.01,,,,,,,,,TIMEOUT,180.01,,,,,,,,,0.0,,,True,tie/unknown
334,modelchecking,Hesselinkdatasize=3_nodeadlock.dzn,TIMEOUT,180.1,,,,,,,,,TIMEOUT,180.1,,,,,,,,,0.0,,,True,tie/unknown
335,modelchecking,Hesselinkdatasize=3_property2.dzn,TIMEOUT,180.32,,,,,,,,,TIMEOUT,180.38,,,,,,,,,-0.060000000000002274,,,True,noc_bool
336,modelchecking,IEEE1394nparties=2_datasize=2_headersize=2_acksize=2_nodeadlock.dzn,TIMEOUT,180.01,,,,,,,,,TIMEOUT,180.01,,,,,,,,,0.0,,,True,tie/unknown
337,modelchecking,IEEE1394nparties=2_datasize=2_headersize=2_acksize=2_property1.dzn,TIMEOUT,180.01,,,,,,,,,TIMEOUT,180.01,,,,,,,,,0.0,,,True,tie/unknown
338,modelchecking,IEEE1394nparties=2_datasize=2_headersize=2_acksize=2_property2.dzn,TIMEOUT,180.01,,,,,,,,,TIMEOUT,180.01,,,,,,,,,0.0,,,True,tie/unknown
339,modelchecking,IEEE1394nparties=2_datasize=2_headersize=2_acksize=2_property3.dzn,TIMEOUT,180.01,,,,,,,,,TIMEOUT,180.01,,,,,,,,,0.0,,,True,tie/unknown
340,modelchecking,IEEE1394nparties=2_datasize=2_headersize=2_acksize=2_property4.dzn,TIMEOUT,180.01,,,,,,,,,TIMEOUT,180.01,,,,,,,,,0.0,,,True,tie/unknown
341,modelchecking,IEEE1394nparties=2_datasize=2_headersize=2_acksize=2_property5.dzn,TIMEOUT,180.01,,,,,,,,,TIMEOUT,180.01,,,,,,,,,0.0,,,True,tie/unknown
342,modelchecking,Leadernparticipants=3_eventually-stable.dzn,SAT,8.83,0.338488791,1.0,2251.0,2251.0,6088.0,0.0,2251.0,0.0,SAT,5.77,0.650634375,3.0,4221.0,2251.0,5858.0,0.0,4219.0,0.0,3.0600000000000005,-0.312145584,1.0392625469443495,True,noc_int
343,modelchecking,Leadernparticipants=4_eventually-stable.dzn,TIMEOUT,180.02,,,,,,,,,TIMEOUT,180.02,,,,,,,,,0.0,,,True,tie/unknown
344,modelchecking,Lift_(Correct)nlifts=2_liveness_1_1.dzn,SAT,0.21,0.012388827,1.0,264.0,264.0,1260.0,0.0,264.0,0.0,SAT,0.18,0.01259757685,1.0,265.0,264.0,630.0,0.0,264.0,0.0,0.03,-0.00020874985000000033,2.0,True,noc_int
345,modelchecking,Lift_(Correct)nlifts=2_liveness_1_2.dzn,SAT,0.21,0.0123777437,1.0,264.0,264.0,1260.0,0.0,264.0,0.0,SAT,0.18,0.0126074043,1.0,265.0,264.0,630.0,0.0,264.0,0.0,0.03,-0.00022966059999999892,2.0,True,noc_int
346,modelchecking,Lift_(Correct)nlifts=2_liveness_2_1.dzn,SAT,0.2,0.010862346,3.0,208.0,204.0,1246.0,0.0,206.0,0.0,SAT,0.16,0.0110831604,3.0,209.0,204.0,623.0,0.0,206.0,0.0,0.04000000000000001,-0.00022081439999999987,2.0,True,noc_int
347,modelchecking,Lift_(Correct)nlifts=2_liveness_2_2.dzn,SAT,0.2,0.01086001875,3.0,208.0,204.0,1246.0,0.0,206.0,0.0,SAT,0.16,0.0111159437,3.0,209.0,204.0,623.0,0.0,206.0,0.0,0.04000000000000001,-0.00025592494999999993,2.0,True,noc_int
348,modelchecking,Lift_(Correct)nlifts=2_nodeadlock.dzn,SAT,0.11,0.0039835207,1.0,127.0,127.0,604.0,0.0,127.0,0.0,SAT,0.09,0.003980993699999999,1.0,128.0,127.0,302.0,0.0,127.0,0.0,0.020000000000000004,2.5270000000004317e-06,2.0,True,noc_int
349,modelchecking,Lift_(Correct)nlifts=2_safety_1.dzn,SAT,0.1,0.0032747936999999996,1.0,113.0,113.0,562.0,0.0,113.0,0.0,SAT,0.09,0.0032691894999999998,1.0,114.0,113.0,281.0,0.0,113.0,0.0,0.010000000000000009,5.604199999999834e-06,2.0,True,noc_int
350,modelchecking,Lift_(Correct)nlifts=2_safety_2_1.dzn,SAT,0.09,0.0017110208500000002,1.0,82.0,82.0,380.0,0.0,82.0,0.0,SAT,0.08,0.00243173535,3.0,128.0,82.0,201.0,0.0,126.0,0.0,0.009999999999999995,-0.0007207144999999996,1.890547263681592,True,noc_int
351,modelchecking,Lift_(Correct)nlifts=2_safety_2_2.dzn,SAT,0.09,0.0017110457499999998,1.0,82.0,82.0,380.0,0.0,82.0,0.0,SAT,0.08,0.00243882505,3.0,128.0,82.0,201.0,0.0,126.0,0.0,0.009999999999999995,-0.0007277793000000003,1.890547263681592,True,noc_int
352,modelchecking,Lift_(Correct)nlifts=3_liveness_1_1.dzn,SAT,31.45,13.190477834,1.0,4404.0,4404.0,17096.0,0.0,4404.0,0.0,SAT,26.56,12.897226041,1.0,4405.0,4404.0,8548.0,0.0,4404.0,0.0,4.890000000000001,0.2932517929999996,2.0,True,noc_int
353,modelchecking,Lift_(Correct)nlifts=3_liveness_1_2.dzn,SAT,31.33,13.180585958,1.0,4404.0,4404.0,17096.0,0.0,4404.0,0.0,SAT,26.6,12.919280833,1.0,4405.0,4404.0,8548.0,0.0,4404.0,0.0,4.729999999999997,0.2613051249999998,2.0,True,noc_int
354,modelchecking,Lift_(Correct)nlifts=3_liveness_2_1.dzn,SAT,12.16,2.220885791,7.0,2335.0,2323.0,12636.0,0.0,2329.0,0.0,SAT,9.04,2.362782458,7.0,2336.0,2323.0,6318.0,0.0,2329.0,0.0,3.120000000000001,-0.1418966669999997,2.0,True,noc_int
355,modelchecking,Lift_(Correct)nlifts=3_liveness_2_2.dzn,SAT,12.24,2.2441455,7.0,2335.0,2323.0,12636.0,0.0,2329.0,0.0,SAT,9.16,2.428905959,7.0,2336.0,2323.0,6318.0,0.0,2329.0,0.0,3.08,-0.18476045900000004,2.0,True,noc_int
356,modelchecking,Lift_(Correct)nlifts=3_nodeadlock.dzn,SAT,8.83,4.206787542,1.0,2007.0,2007.0,8470.0,0.0,2007.0,0.0,SAT,6.43,4.004851375,1.0,2008.0,2007.0,4235.0,0.0,2007.0,0.0,2.4000000000000004,0.2019361669999995,2.0,True,noc_int
357,modelchecking,Lift_(Correct)nlifts=3_safety_1.dzn,SAT,7.68,3.636400167,1.0,1869.0,1869.0,7884.0,0.0,1869.0,0.0,SAT,5.75,3.627518833,1.0,1870.0,1869.0,3942.0,0.0,1869.0,0.0,1.9299999999999997,0.00888133400000024,2.0,True,noc_int
358,modelchecking,Lift_(Correct)nlifts=3_safety_2_1.dzn,SAT,2.15,0.947648625,1.0,981.0,981.0,4040.0,0.0,981.0,0.0,SAT,1.97,1.291828875,3.0,1552.0,981.0,2048.0,0.0,1550.0,0.0,0.17999999999999994,-0.34418024999999997,1.97265625,True,noc_int
359,modelchecking,Lift_(Correct)nlifts=3_safety_2_2.dzn,SAT,2.16,0.951079417,1.0,981.0,981.0,4040.0,0.0,981.0,0.0,SAT,1.97,1.29565675,3.0,1552.0,981.0,2048.0,0.0,1550.0,0.0,0.19000000000000017,-0.34457733300000004,1.97265625,True,noc_int
360,modelchecking,Lift_(Correct)nlifts=4_liveness_1_1.dzn,TIMEOUT,180.01,,,,,,,,,TIMEOUT,180.01,,,,,,,,,0.0,,,True,tie/unknown
361,modelchecking,Lift_(Correct)nlifts=4_liveness_1_2.dzn,TIMEOUT,180.01,,,,,,,,,TIMEOUT,180.01,,,,,,,,,0.0,,,True,tie/unknown
362,modelchecking,Lift_(Correct)nlifts=4_liveness_2_1.dzn,TIMEOUT,180.01,,,,,,,,,TIMEOUT,180.01,,,,,,,,,0.0,,,True,tie/unknown
363,modelchecking,Lift_(Correct)nlifts=4_liveness_2_2.dzn,TIMEOUT,180.01,,,,,,,,,TIMEOUT,180.0,,,,,,,,,0.009999999999990905,,,True,noc_int
364,modelchecking,Lift_(Correct)nlifts=4_nodeadlock.dzn,TIMEOUT,180.01,,,,,,,,,TIMEOUT,180.01,,,,,,,,,0.0,,,True,tie/unknown
365,modelchecking,Lift_(Correct)nlifts=4_safety_1.dzn,TIMEOUT,180.01,,,,,,,,,TIMEOUT,180.01,,,,,,,,,0.0,,,True,tie/unknown
366,modelchecking,Lift_(Correct)nlifts=4_safety_2_1.dzn,SAT,169.52,86.153228375,1.0,9444.0,9444.0,36948.0,0.0,9444.0,0.0,SAT,157.25,115.277361459,3.0,14846.0,9444.0,18539.0,0.0,14844.0,0.0,12.27000000000001,-29.124133084000007,1.99298775554237,True,noc_int
367,modelchecking,Lift_(Correct)nlifts=4_safety_2_2.dzn,SAT,169.83,86.6494965,1.0,9444.0,9444.0,36948.0,0.0,9444.0,0.0,SAT,157.07,115.126893292,3.0,14846.0,9444.0,18539.0,0.0,14844.0,0.0,12.76000000000002,-28.477396792000008,1.99298775554237,True,noc_int
368,modelchecking,Lift_(Incorrect)nlifts=2_liveness_1_1.dzn,UNSAT,0.81,,,,,,,,,UNSAT,0.63,,,,,,,,,0.18000000000000005,,,True,noc_int
369,modelchecking,Lift_(Incorrect)nlifts=2_liveness_1_2.dzn,UNSAT,0.81,,,,,,,,,UNSAT,0.63,,,,,,,,,0.18000000000000005,,,True,noc_int
370,modelchecking,Lift_(Incorrect)nlifts=2_liveness_2_1.dzn,SAT,0.29,0.0106655043,16.0,502.0,472.0,1626.0,0.0,487.0,0.0,SAT,0.22,0.01269422305,18.0,637.0,472.0,872.0,0.0,620.0,0.0,0.06999999999999998,-0.00202871875,1.864678899082569,True,noc_int
371,modelchecking,Lift_(Incorrect)nlifts=2_liveness_2_2.dzn,SAT,0.29,0.0106504855,16.0,502.0,472.0,1626.0,0.0,487.0,0.0,SAT,0.22,0.012719889600000001,18.0,639.0,472.0,872.0,0.0,622.0,0.0,0.06999999999999998,-0.0020694041000000017,1.864678899082569,True,noc_int
372,modelchecking,Lift_(Incorrect)nlifts=2_nodeadlock.dzn,UNSAT,0.26,,,,,,,,,UNSAT,0.18,,,,,,,,,0.08000000000000002,,,True,noc_int
373,modelchecking,Lift_(Incorrect)nlifts=2_safety_1.dzn,SAT,0.24,0.010511908300000001,1.0,555.0,555.0,1506.0,0.0,555.0,0.0,SAT,0.17,0.011551808450000001,1.0,556.0,555.0,753.0,0.0,555.0,0.0,0.06999999999999998,-0.0010399001500000001,2.0,True,noc_int
374,modelchecking,Lift_(Incorrect)nlifts=2_safety_2_1.dzn,SAT,0.14,0.0040054126,1.0,334.0,334.0,932.0,0.0,334.0,0.0,SAT,0.11,0.00514042075,3.0,449.0,334.0,477.0,0.0,447.0,0.0,0.030000000000000013,-0.0011350081500000001,1.9538784067085955,True,noc_int
375,modelchecking,Lift_(Incorrect)nlifts=2_safety_2_2.dzn,SAT,0.14,0.0039976355,1.0,334.0,334.0,932.0,0.0,334.0,0.0,SAT,0.11,0.0051524521,3.0,449.0,334.0,477.0,0.0,447.0,0.0,0.030000000000000013,-0.0011548165999999997,1.9538784067085955,True,noc_int
376,modelchecking,Lift_(Incorrect)nlifts=3_liveness_1_1.dzn,TIMEOUT,180.0,,,,,,,,,TIMEOUT,180.01,,,,,,,,,-0.009999999999990905,,,True,noc_bool
377,modelchecking,Lift_(Incorrect)nlifts=3_liveness_1_2.dzn,TIMEOUT,180.01,,,,,,,,,TIMEOUT,180.0,,,,,,,,,0.009999999999990905,,,True,noc_int
378,modelchecking,Lift_(Incorrect)nlifts=3_liveness_2_1.dzn,SAT,44.49,2.234616125,272.0,7409.0,6867.0,23866.0,0.0,7138.0,0.0,SAT,28.47,2.474108958,274.0,7462.0,6867.0,13211.0,0.0,7189.0,0.0,16.020000000000003,-0.2394928329999999,1.8065248656422679,True,noc_int
379,modelchecking,Lift_(Incorrect)nlifts=3_liveness_2_2.dzn,SAT,44.38,2.214194667,271.0,7415.0,6875.0,23866.0,0.0,7145.0,0.0,SAT,28.59,2.476783541,273.0,7468.0,6875.0,13211.0,0.0,7196.0,0.0,15.790000000000003,-0.26258887399999997,1.8065248656422679,True,noc_int
380,modelchecking,Lift_(Incorrect)nlifts=3_nodeadlock.dzn,TIMEOUT,180.0,,,,,,,,,UNSAT,122.52,,,,,,,,,57.480000000000004,,,False,noc_int
381,modelchecking,Lift_(Incorrect)nlifts=3_safety_1.dzn,TIMEOUT,180.0,,,,,,,,,SAT,106.62,18.817537833,1.0,21994.0,21993.0,26985.0,0.0,21993.0,0.0,73.38,,,False,noc_int
382,modelchecking,Lift_(Incorrect)nlifts=3_safety_2_1.dzn,SAT,37.47,2.891673834,1.0,9021.0,9021.0,23884.0,0.0,9021.0,0.0,SAT,21.1,3.586770375,3.0,11606.0,9021.0,11967.0,0.0,11604.0,0.0,16.369999999999997,-0.6950965409999998,1.9958218434026906,True,noc_int
383,modelchecking,Lift_(Incorrect)nlifts=3_safety_2_2.dzn,SAT,37.52,2.916452292,1.0,9021.0,9021.0,23884.0,0.0,9021.0,0.0,SAT,21.17,3.638396541,3.0,11606.0,9021.0,11967.0,0.0,11604.0,0.0,16.35,-0.7219442490000003,1.9958218434026906,True,noc_int
384,modelchecking,Lift_(Incorrect)nlifts=4_liveness_1_1.dzn,TIMEOUT,180.02,,,,,,,,,TIMEOUT,180.01,,,,,,,,,0.010000000000019327,,,True,noc_int
385,modelchecking,Lift_(Incorrect)nlifts=4_liveness_1_2.dzn,TIMEOUT,180.02,,,,,,,,,TIMEOUT,180.01,,,,,,,,,0.010000000000019327,,,True,noc_int
386,modelchecking,Lift_(Incorrect)nlifts=4_liveness_2_1.dzn,TIMEOUT,180.01,,,,,,,,,TIMEOUT,180.01,,,,,,,,,0.0,,,True,tie/unknown
387,modelchecking,Lift_(Incorrect)nlifts=4_liveness_2_2.dzn,TIMEOUT,180.01,,,,,,,,,TIMEOUT,180.01,,,,,,,,,0.0,,,True,tie/unknown
388,modelchecking,Lift_(Incorrect)nlifts=4_nodeadlock.dzn,TIMEOUT,180.01,,,,,,,,,TIMEOUT,180.01,,,,,,,,,0.0,,,True,tie/unknown
389,modelchecking,Lift_(Incorrect)nlifts=4_safety_1.dzn,TIMEOUT,180.01,,,,,,,,,TIMEOUT,180.01,,,,,,,,,0.0,,,True,tie/unknown
390,modelchecking,Lift_(Incorrect)nlifts=4_safety_2_1.dzn,TIMEOUT,180.01,,,,,,,,,TIMEOUT,180.01,,,,,,,,,0.0,,,True,tie/unknown
391,modelchecking,Lift_(Incorrect)nlifts=4_safety_2_2.dzn,TIMEOUT,180.01,,,,,,,,,TIMEOUT,180.01,,,,,,,,,0.0,,,True,tie/unknown
392,modelchecking,Onebitdatasize=2_infinitely_often_enabled_then_infinitely_often_taken.dzn,TIMEOUT,180.01,,,,,,,,,TIMEOUT,180.01,,,,,,,,,0.0,,,True,tie/unknown
393,modelchecking,Onebitdatasize=2_infinitely_often_read_write.dzn,TIMEOUT,180.01,,,,,,,,,TIMEOUT,180.01,,,,,,,,,0.0,,,True,tie/unknown
394,modelchecking,Onebitdatasize=2_infinitely_often_receive_d1.dzn,TIMEOUT,180.01,,,,,,,,,TIMEOUT,180.01,,,,,,,,,0.0,,,True,tie/unknown
395,modelchecking,Onebitdatasize=2_infinitely_often_receive_for_all_d.dzn,TIMEOUT,180.01,,,,,,,,,TIMEOUT,180.01,,,,,,,,,0.0,,,True,tie/unknown
396,modelchecking,Onebitdatasize=2_invariantly_infinitely_many_reachable_taus.dzn,TIMEOUT,180.01,,,,,,,,,TIMEOUT,180.01,,,,,,,,,0.0,,,True,tie/unknown
397,modelchecking,Onebitdatasize=2_message_can_be_lost_infinitely_often.dzn,TIMEOUT,180.01,,,,,,,,,TIMEOUT,180.0,,,,,,,,,0.009999999999990905,,,True,noc_int
398,modelchecking,Onebitdatasize=2_messages_can_be_overtaken.dzn,TIMEOUT,180.01,,,,,,,,,TIMEOUT,180.01,,,,,,,,,0.0,,,True,tie/unknown
399,modelchecking,Onebitdatasize=2_messages_read_are_inevitably_sent.dzn,TIMEOUT,180.01,,,,,,,,,TIMEOUT,180.01,,,,,,,,,0.0,,,True,tie/unknown
400,modelchecking,Onebitdatasize=2_no_duplication_of_messages.dzn,TIMEOUT,180.01,,,,,,,,,TIMEOUT,180.01,,,,,,,,,0.0,,,True,tie/unknown
401,modelchecking,Onebitdatasize=2_no_generation_of_messages.dzn,TIMEOUT,180.0,,,,,,,,,TIMEOUT,180.01,,,,,,,,,-0.009999999999990905,,,True,noc_bool
402,modelchecking,Onebitdatasize=2_no_spontaneous_messages.dzn,TIMEOUT,180.01,,,,,,,,,TIMEOUT,180.01,,,,,,,,,0.0,,,True,tie/unknown
403,modelchecking,Onebitdatasize=2_nodeadlock.dzn,TIMEOUT,180.01,,,,,,,,,TIMEOUT,180.01,,,,,,,,,0.0,,,True,tie/unknown
404,modelchecking,Onebitdatasize=2_read_then_eventually_send.dzn,TIMEOUT,180.01,,,,,,,,,TIMEOUT,180.01,,,,,,,,,0.0,,,True,tie/unknown
405,modelchecking,Onebitdatasize=3_infinitely_often_enabled_then_infinitely_often_taken.dzn,TIMEOUT,180.03,,,,,,,,,TIMEOUT,180.02,,,,,,,,,0.009999999999990905,,,True,noc_int
406,modelchecking,Onebitdatasize=3_infinitely_often_read_write.dzn,TIMEOUT,180.01,,,,,,,,,TIMEOUT,180.01,,,,,,,,,0.0,,,True,tie/unknown
407,modelchecking,Onebitdatasize=3_infinitely_often_receive_d1.dzn,TIMEOUT,180.01,,,,,,,,,TIMEOUT,180.01,,,,,,,,,0.0,,,True,tie/unknown
408,modelchecking,Onebitdatasize=3_infinitely_often_receive_for_all_d.dzn,TIMEOUT,180.01,,,,,,,,,TIMEOUT,180.01,,,,,,,,,0.0,,,True,tie/unknown
409,modelchecking,Onebitdatasize=3_invariantly_infinitely_many_reachable_taus.dzn,TIMEOUT,180.01,,,,,,,,,TIMEOUT,180.01,,,,,,,,,0.0,,,True,tie/unknown
410,modelchecking,Onebitdatasize=3_message_can_be_lost_infinitely_often.dzn,TIMEOUT,180.01,,,,,,,,,TIMEOUT,180.01,,,,,,,,,0.0,,,True,tie/unknown
411,modelchecking,Onebitdatasize=3_messages_can_be_overtaken.dzn,TIMEOUT,180.01,,,,,,,,,TIMEOUT,180.01,,,,,,,,,0.0,,,True,tie/unknown
412,modelchecking,Onebitdatasize=3_messages_read_are_inevitably_sent.dzn,TIMEOUT,180.01,,,,,,,,,TIMEOUT,180.01,,,,,,,,,0.0,,,True,tie/unknown
413,modelchecking,Onebitdatasize=3_no_duplication_of_messages.dzn,TIMEOUT,180.01,,,,,,,,,TIMEOUT,180.01,,,,,,,,,0.0,,,True,tie/unknown
414,modelchecking,Onebitdatasize=3_no_generation_of_messages.dzn,TIMEOUT,180.01,,,,,,,,,TIMEOUT,180.01,,,,,,,,,0.0,,,True,tie/unknown
415,modelchecking,Onebitdatasize=3_no_spontaneous_messages.dzn,TIMEOUT,180.01,,,,,,,,,TIMEOUT,180.01,,,,,,,,,0.0,,,True,tie/unknown
416,modelchecking,Onebitdatasize=3_nodeadlock.dzn,TIMEOUT,180.01,,,,,,,,,TIMEOUT,180.01,,,,,,,,,0.0,,,True,tie/unknown
417,modelchecking,Onebitdatasize=3_read_then_eventually_send.dzn,TIMEOUT,180.02,,,,,,,,,TIMEOUT,180.01,,,,,,,,,0.010000000000019327,,,True,noc_int
418,modelchecking,Pardatasize=2_infinitely_often_enabled_then_infinitely_often_taken.dzn,SAT,0.23,0.00812153325,1.0,231.0,231.0,1434.0,0.0,231.0,0.0,SAT,0.18,0.007875789650000001,1.0,232.0,231.0,717.0,0.0,231.0,0.0,0.05000000000000002,0.000245743599999999,2.0,True,noc_int
419,modelchecking,Pardatasize=2_infinitely_often_read_write.dzn,SAT,0.07,0.00023052935,1.0,33.0,33.0,196.0,0.0,33.0,0.0,SAT,0.07,0.00023418735000000002,1.0,34.0,33.0,98.0,0.0,33.0,0.0,0.0,-3.658000000000025e-06,2.0,True,tie/unknown
420,modelchecking,Pardatasize=2_infinitely_often_receive_d1.dzn,UNSAT,0.07,,,,,,,,,UNSAT,0.07,,,,,,,,,0.0,,,True,tie/unknown
421,modelchecking,Pardatasize=2_infinitely_often_receive_for_all_d.dzn,UNSAT,0.08,,,,,,,,,UNSAT,0.08,,,,,,,,,0.0,,,True,tie/unknown
422,modelchecking,Pardatasize=2_invariantly_infinitely_many_reachable_taus.dzn,SAT,0.09,0.0003456145,9.0,68.0,27.0,534.0,0.0,60.0,0.0,SAT,0.09,0.00033213130000000004,9.0,69.0,27.0,267.0,0.0,60.0,0.0,0.0,1.3483199999999966e-05,2.0,True,tie/unknown
423,modelchecking,Pardatasize=2_no_duplication_of_messages.dzn,SAT,0.09,0.0009634916999999999,1.0,81.0,81.0,530.0,0.0,81.0,0.0,SAT,0.08,0.0010137749,1.0,82.0,81.0,265.0,0.0,81.0,0.0,0.009999999999999995,-5.028319999999999e-05,2.0,True,noc_int
424,modelchecking,Pardatasize=2_no_generation_of_messages.dzn,SAT,0.07,0.0001399626,1.0,25.0,25.0,176.0,0.0,25.0,0.0,SAT,0.07,0.0001497105,1.0,26.0,25.0,88.0,0.0,25.0,0.0,0.0,-9.747900000000009e-06,2.0,True,tie/unknown
425,modelchecking,Pardatasize=2_nodeadlock.dzn,SAT,0.07,0.00014241045,1.0,27.0,27.0,170.0,0.0,27.0,0.0,SAT,0.07,0.0001533688,1.0,28.0,27.0,85.0,0.0,27.0,0.0,0.0,-1.0958349999999996e-05,2.0,True,tie/unknown
426,modelchecking,Pardatasize=2_read_then_eventually_send.dzn,UNSAT,0.09,,,,,,,,,UNSAT,0.08,,,,,,,,,0.009999999999999995,,,True,noc_int
427,modelchecking,Pardatasize=4_infinitely_often_enabled_then_infinitely_often_taken.dzn,SAT,2.25,0.115880375,1.0,935.0,935.0,5706.0,0.0,935.0,0.0,SAT,1.5,0.1181385,1.0,936.0,935.0,2853.0,0.0,935.0,0.0,0.75,-0.0022581249999999997,2.0,True,noc_int
428,modelchecking,Pardatasize=4_infinitely_often_read_write.dzn,SAT,0.08,0.0007681916,1.0,67.0,67.0,400.0,0.0,67.0,0.0,SAT,0.08,0.0007901103499999999,1.0,68.0,67.0,200.0,0.0,67.0,0.0,0.0,-2.1918749999999933e-05,2.0,True,tie/unknown
429,modelchecking,Pardatasize=4_infinitely_often_receive_d1.dzn,UNSAT,0.08,,,,,,,,,UNSAT,0.08,,,,,,,,,0.0,,,True,tie/unknown
430,modelchecking,Pardatasize=4_infinitely_often_receive_for_all_d.dzn,UNSAT,0.23,,,,,,,,,UNSAT,0.22,,,,,,,,,0.010000000000000009,,,True,noc_int
431,modelchecking,Pardatasize=4_invariantly_infinitely_many_reachable_taus.dzn,SAT,0.16,0.0015109459,17.0,194.0,57.0,1062.0,0.0,178.0,0.0,SAT,0.13,0.00145904595,17.0,195.0,57.0,531.0,0.0,178.0,0.0,0.03,5.189994999999989e-05,2.0,True,noc_int
432,modelchecking,Pardatasize=4_no_duplication_of_messages.dzn,SAT,0.29,0.0095335479,1.0,277.0,277.0,1770.0,0.0,277.0,0.0,SAT,0.2,0.0100233812,1.0,278.0,277.0,885.0,0.0,277.0,0.0,0.08999999999999997,-0.0004898333000000008,2.0,True,noc_int
433,modelchecking,Pardatasize=4_no_generation_of_messages.dzn,SAT,0.16,0.0037396354,1.0,171.0,171.0,1068.0,0.0,171.0,0.0,SAT,0.12,0.00396837085,1.0,172.0,171.0,534.0,0.0,171.0,0.0,0.04000000000000001,-0.0002287354499999998,2.0,True,noc_int
434,modelchecking,Pardatasize=4_nodeadlock.dzn,SAT,0.08,0.00047803745,1.0,57.0,57.0,346.0,0.0,57.0,0.0,SAT,0.08,0.00050264575,1.0,58.0,57.0,173.0,0.0,57.0,0.0,0.0,-2.460829999999996e-05,2.0,True,tie/unknown
435,modelchecking,Pardatasize=4_read_then_eventually_send.dzn,UNSAT,0.29,,,,,,,,,UNSAT,0.19,,,,,,,,,0.09999999999999998,,,True,noc_int
436,modelchecking,Pardatasize=8_infinitely_often_enabled_then_infinitely_often_taken.dzn,SAT,33.13,1.874956917,1.0,3759.0,3759.0,22698.0,0.0,3759.0,0.0,SAT,21.57,1.919658042,1.0,3760.0,3759.0,11349.0,0.0,3759.0,0.0,11.560000000000002,-0.04470112500000001,2.0,True,noc_int
437,modelchecking,Pardatasize=8_infinitely_often_read_write.dzn,SAT,0.12,0.00276868335,1.0,135.0,135.0,808.0,0.0,135.0,0.0,SAT,0.1,0.0029392063,1.0,136.0,135.0,404.0,0.0,135.0,0.0,0.01999999999999999,-0.00017052294999999988,2.0,True,noc_int
438,modelchecking,Pardatasize=8_infinitely_often_receive_d1.dzn,UNSAT,0.11,,,,,,,,,UNSAT,0.11,,,,,,,,,0.0,,,True,tie/unknown
439,modelchecking,Pardatasize=8_infinitely_often_receive_for_all_d.dzn,UNSAT,2.18,,,,,,,,,UNSAT,2.12,,,,,,,,,0.06000000000000005,,,True,noc_int
440,modelchecking,Pardatasize=8_invariantly_infinitely_many_reachable_taus.dzn,SAT,0.38,0.0082127688,33.0,614.0,117.0,2118.0,0.0,582.0,0.0,SAT,0.29,0.0079105375,33.0,615.0,117.0,1059.0,0.0,582.0,0.0,0.09000000000000002,0.00030223130000000056,2.0,True,noc_int
441,modelchecking,Pardatasize=8_no_duplication_of_messages.dzn,SAT,2.73,0.122254084,1.0,1005.0,1005.0,6362.0,0.0,1005.0,0.0,SAT,1.51,0.12935475,1.0,1006.0,1005.0,3181.0,0.0,1005.0,0.0,1.22,-0.007100665999999992,2.0,True,noc_int
442,modelchecking,Pardatasize=8_no_generation_of_messages.dzn,SAT,1.71,0.079811792,1.0,823.0,823.0,4964.0,0.0,823.0,0.0,SAT,0.97,0.08357285415,1.0,824.0,823.0,2482.0,0.0,823.0,0.0,0.74,-0.003761062149999994,2.0,True,noc_int
443,modelchecking,Pardatasize=8_nodeadlock.dzn,SAT,0.11,0.0017308687,1.0,117.0,117.0,698.0,0.0,117.0,0.0,SAT,0.09,0.001825577,1.0,118.0,117.0,349.0,0.0,117.0,0.0,0.020000000000000004,-9.470830000000009e-05,2.0,True,noc_int
444,modelchecking,Pardatasize=8_read_then_eventually_send.dzn,UNSAT,2.65,,,,,,,,,UNSAT,1.42,,,,,,,,,1.23,,,True,noc_int
445,modelchecking,SWPdatasize=2_windowsize=1_infinitely_often_enabled_then_infinitely_often_taken.dzn,SAT,3.21,0.172352125,1.0,1507.0,1507.0,6896.0,0.0,1507.0,0.0,SAT,2.12,0.16898325,1.0,1508.0,1507.0,3448.0,0.0,1507.0,0.0,1.0899999999999999,0.0033688749999999934,2.0,True,noc_int
446,modelchecking,SWPdatasize=2_windowsize=1_infinitely_often_lost.dzn,UNSAT,0.38,,,,,,,,,UNSAT,0.36,,,,,,,,,0.020000000000000018,,,True,noc_int
447,modelchecking,SWPdatasize=2_windowsize=1_infinitely_often_read_write.dzn,SAT,0.33,0.014201360399999998,1.0,421.0,421.0,1860.0,0.0,421.0,0.0,SAT,0.27,0.013771152,1.0,422.0,421.0,930.0,0.0,421.0,0.0,0.06,0.00043020839999999803,2.0,True,noc_int
448,modelchecking,SWPdatasize=2_windowsize=1_infinitely_often_receive_d1.dzn,UNSAT,0.15,,,,,,,,,UNSAT,0.14,,,,,,,,,0.009999999999999981,,,True,noc_int
449,modelchecking,SWPdatasize=2_windowsize=1_infinitely_often_receive_for_all_d.dzn,UNSAT,0.35,,,,,,,,,UNSAT,0.33,,,,,,,,,0.019999999999999962,,,True,noc_int
450,modelchecking,SWPdatasize=2_windowsize=1_invariantly_infinitely_many_reachable_taus.dzn,SAT,0.53,0.009983550099999999,20.0,913.0,392.0,2586.0,0.0,894.0,0.0,SAT,0.38,0.00959657275,20.0,902.0,392.0,1293.0,0.0,882.0,0.0,0.15000000000000002,0.0003869773499999979,2.0,True,noc_int
451,modelchecking,SWPdatasize=2_windowsize=1_no_duplication_of_messages.dzn,SAT,0.6,0.0417043333,1.0,1223.0,1223.0,2706.0,0.0,1223.0,0.0,SAT,0.38,0.05151632915,3.0,1673.0,1223.0,1366.0,0.0,1671.0,0.0,0.21999999999999997,-0.009811995849999998,1.9809663250366032,True,noc_int
452,modelchecking,SWPdatasize=2_windowsize=1_no_generation_of_messages.dzn,SAT,0.1,0.00255372905,1.0,291.0,291.0,642.0,0.0,291.0,0.0,SAT,0.09,0.00261155,1.0,292.0,291.0,321.0,0.0,291.0,0.0,0.010000000000000009,-5.782094999999977e-05,2.0,True,noc_int
453,modelchecking,SWPdatasize=2_windowsize=1_nodeadlock.dzn,SAT,0.13,0.0047623855,1.0,392.0,392.0,858.0,0.0,392.0,0.0,SAT,0.11,0.0049769064,1.0,393.0,392.0,429.0,0.0,392.0,0.0,0.020000000000000004,-0.00021452090000000004,2.0,True,noc_int
454,modelchecking,SWPdatasize=2_windowsize=1_read_then_eventually_send.dzn,UNSAT,0.75,,,,,,,,,UNSAT,0.43,,,,,,,,,0.32,,,True,noc_int
455,modelchecking,SWPdatasize=2_windowsize=1_read_then_eventually_send_if_fair.dzn,SAT,0.24,0.0111733582,1.0,570.0,570.0,1532.0,0.0,570.0,0.0,SAT,0.17,0.01170279585,1.0,571.0,570.0,766.0,0.0,570.0,0.0,0.06999999999999998,-0.0005294376499999989,2.0,True,noc_int
456,modelchecking,SWPdatasize=2_windowsize=2_infinitely_often_enabled_then_infinitely_often_taken.dzn,TIMEOUT,180.01,,,,,,,,,TIMEOUT,180.01,,,,,,,,,0.0,,,True,tie/unknown
457,modelchecking,SWPdatasize=2_windowsize=2_infinitely_often_lost.dzn,TIMEOUT,180.01,,,,,,,,,TIMEOUT,180.0,,,,,,,,,0.009999999999990905,,,True,noc_int
458,modelchecking,SWPdatasize=2_windowsize=2_infinitely_often_read_write.dzn,TIMEOUT,180.0,,,,,,,,,TIMEOUT,180.01,,,,,,,,,-0.009999999999990905,,,True,noc_bool
459,modelchecking,SWPdatasize=2_windowsize=2_infinitely_often_receive_d1.dzn,UNSAT,76.42,,,,,,,,,UNSAT,76.75,,,,,,,,,-0.3299999999999983,,,True,noc_bool
460,modelchecking,SWPdatasize=2_windowsize=2_infinitely_often_receive_for_all_d.dzn,TIMEOUT,180.0,,,,,,,,,TIMEOUT,180.01,,,,,,,,,-0.009999999999990905,,,True,noc_bool
